:020000040800F2
:10000000A01A0020A1020008B5470008A945000871
:10001000B14700085D150008E18B000800000000F2
:10002000000000000000000000000000095100086E
:10003000D918000800000000314F00086151000885
:10004000BB020008BB020008BB020008BB0200089C
:10005000BB020008BB020008BB020008BB0200088C
:10006000BB020008BB020008BB020008BB0200087C
:10007000BB020008BB020008BB020008BB0200086C
:10008000BB020008BB020008BB020008BB0200085C
:100090007D8A0008BB020008BB020008BB02000802
:1000A000BB020008BB020008BB020008BB0200083C
:1000B000BB020008BB020008BB020008BB0200082C
:1000C000BB020008BB020008BB020008BB0200081C
:1000D000BB020008BB020008BB020008BB0200080C
:1000E000BB020008BB020008BB02000800F002F8D7
:1000F00000F0C6F814A696E8000CB244B344DA4502
:1001000001D100F0BDF8BAE80F000FA696E8300064
:10011000A5EB040504EB0607AAEB0704A7F101070A
:100120004FEA15154FEA3414A4F10104AC4201D38F
:1001300000F0A6F813F0010F18BFFB1A43F00103FB
:1001400000F001F8DBE71847289600004896000009
:100150000A444FF0000C10F8013B13F0070408BFED
:1001600010F8014B1D1108BF10F8015B641E05D08B
:1001700010F8016B641E01F8016BF9D113F0080F40
:100180001EBF10F8014BAD1C0C1B09D16D1E58BFD2
:1001900001F801CBFAD505E014F8016B01F8016B09
:1001A0006D1EF9D59142D6D370470000704700000C
:1001B0000023002400250026103A28BF78C1FBD870
:1001C000520728BF30C148BF0B6070476E2900F04E
:1001D000FD81702900F03F83662909F0F5816529CA
:1001E00009F0F281672909F0EF81612909F0EE81B8
:1001F00003681B0A28BF41F08001692900F0AA8129
:10020000642900F0A781752900F0A4816F2900F00E
:10021000CD82782900F00B83E92900F06782E42978
:1002200000F06482F52900F06182EF2900F0CA82B3
:10023000F82900F00A830368DB0928BF41F0800138
:10024000632901F00B80732901F01080E32901F08C
:100250001B80F32901F02080002070471FB501F0BA
:1002600071F804000020002109F098F9401C60603A
:100270000020002109F07CF9E0601FBD10B510BD21
:1002800001F032F81146FFF7E9FF08F00BFD01F02D
:100290000FF903B4FFF7F2FF03BC01F057F90000B8
:1002A0000948804709480047FEE7FEE7FEE7FEE70A
:1002B000FEE7FEE7FEE7FEE7FEE7FEE70448054946
:1002C000054A064B70470000FD510008ED0000088C
:1002D000A0140020A01A0020A0160020A0160020C4
:1002E00053EA020C00F069802DE9F04B4FF0000654
:1002F000002B1FBFB3FA83F503FA05F424FA05F6C1
:100300005E4012BF1643B2FA82F502FA05F4C5F157
:1003100020051EBF22FA05FC44EA0C04203556EAEB
:10032000044C4FEA144418BF641C4FF000084FF00F
:100330000009904271EB030C39D3002919BFB1FABF
:1003400081F701FA07F6B0FA80F700FA07F6C7F16D
:1003500020071EBF20FA07FC46EA0C062037B6FB32
:10036000F4FCA7EB0507103F07F01F0BCBF12006AD
:100370002CFA06F60CFA0BFB44BFB3460026202FDE
:10038000A4BF5E464FF0000B5BEA060C08BF4FF0BF
:10039000010B19EB0B0948EB0608ABFB027C06FBD3
:1003A00002CC0BFB03CCC01B71EB0C01C1E70B466D
:1003B000024641464846BDE8F08B13B5084318BFD6
:1003C0004FF0FF300146AFF30080BDE81C4070479E
:1003D0000FB41CB5084B06AA7B44694600900598EB
:1003E00000F00DF904460020694600F01BF9204694
:1003F0001CBC5DF814FB00004902000010B5431C52
:1004000002E010F8011B71B18107FAD14FF00132FF
:1004100002C88C1A8C4314EAC211F9D0C01A0A0619
:1004200003D0C01E10BDC01A10BD0A0401D0801E2A
:1004300010BD0902FCD0401E10BD4FF0000200B5F7
:10044000134694469646203922BFA0E80C50A0E8F7
:100450000C50B1F12001BFF4F7AF090728BFA0E8A5
:100460000C5048BF0CC05DF804EB890028BF40F871
:10047000042B08BF704748BF20F8022B11F0804FB3
:1004800018BF00F8012B704770477047704770B570
:10049000044685690068C10601D5302600E02026A3
:1004A000C00707D070BDD4E9012130469047206ACB
:1004B000401C20626D1EF6D570BD70B5044685697E
:1004C0000078C00707D170BDD4E9012120209047F2
:1004D000206A401C20626D1EF6D570BD09684A0571
:1004E00001D540B27047C905FCD500B27047096814
:1004F0004A0501D5C0B27047C905FCD580B2704726
:1005000070B50C460546012A05D02878800600D52E
:10051000EA69002302E0012305E05B1C934202D25A
:10052000E05C0028F9D1A869E618C01AA861286A19
:10053000184428622846FFF7AAFF04E0D5E9012104
:1005400014F8010B9047B442F8D32846FFF7B5FFE3
:1005500070BD00002DE9F0410646002410687529A1
:10056000314616A510D0FFF7B9FF002802DA404245
:1005700013A507E031688A0701D512A502E04907F3
:1005800004D511A5012401E0FFF7B1FF00210A22E3
:1005900006F1240709E0B0FBF2FCB0FBF2F302FB2A
:1005A0001C00303078541846491C0028F3D12346EB
:1005B0002A463046BDE8F04100F061BA0000000074
:1005C0002D0000002B0000002000000011680268D0
:1005D000006A530501D508700AE0D30501D50880EB
:1005E00006E0130603D5C217C1E9000200E0086067
:1005F0000120704701694A1C02610878704700B504
:100600008FB0CDE901310021059105497944CDE94B
:1006100003101146684600F029F90FB000BD000034
:10062000E5FFFFFF0A6802F8010B0A60704700004F
:100630002DE9FF5F15468A460446DFF8AC80F84492
:100640000027D8E900103E46CDE9001010E03AF846
:1006500016106A4602A800F023FE411C07D021783C
:10066000890603D5E269391891420DD80744761CF2
:100670002078800602D5E069B84205DDAE42E6DBAF
:100680003AF816000028E2D1A069C01BA0612046FC
:10069000FFF7FDFED8E90010CDE90010002017E0BB
:1006A0003AF818106A4602A800F0FAFDB0F1FF3FD0
:1006B00081460BD000250DF1080B05E0D4E901219E
:1006C0001BF8050090476D1C4D45F7D308F101005C
:1006D000B0428046E4DB206A384420622046FFF7BF
:1006E000ECFEBDE8FF9F00008E8F00002DE9F04179
:1006F0008046D21D22F007020025D2E90002F5292A
:1007000015A614D0011E72F1000106DA0023D0EB09
:10071000030063EB020211A608E0D8F800108B0773
:1007200001D50FA602E0490701D50EA60125114605
:10073000002408F1240704E000F05CF930323A5557
:10074000641C50EA0102F7D12B463246214640464E
:10075000BDE8F04100F093B9000000002D0000005A
:100760002B0000002000000030B4002100F1240420
:1007700008E002F00705D208303542EA4372DB0890
:100780006554491C52EA0305F3D10468002310A202
:10079000250708D504F020040C4304D0C4690123C4
:1007A0000CA2641EC46130BC00F069B910B50446E7
:1007B00021461068FFF79BFE02462046BDE8104028
:1007C0000023D1E7D21D22F00701D1E90023CBE7B6
:1007D0000000000030000000F0B40D46018809055B
:1007E00002D5214C7C4402E01F4C7C440E34002195
:1007F00000F1240608E002F00F071209E75D42EA63
:1008000003721B097754491C52EA0307F3D102789B
:100810000023120704D5702D06D009B1022311342C
:100820002246F0BC00F02BB901231034F8E770B574
:1008300004460D4621461068FFF759FE0246294638
:100840002046BDE870400023C6E7D21D22F0070312
:10085000D3E90023C0E70368126843F02003036074
:100860000823C3610023B7E7F08D00002DE9F05F96
:10087000894604464FF0000ADFF874B1FB44C0F823
:1008800020A02046E1688847002874D0252806D09B
:10089000D4E901219047206A401C2062F1E700263C
:1008A0005F462046E16888472028054607DB312D52
:1008B00005D2781910F8200C08B10643F1E7B0070B
:1008C00001D526F00406C4F81CA00027C4F818A01F
:1008D0002A2D09D0284608F043FE38B304EB8708D8
:1008E000303DC8F8185019E059F8041B204604EBB5
:1008F00087029161E1688847012F054618D1E069B8
:10090000002820DA26F020061DE0D8F8180000EBB9
:10091000800005EB40003038C8F818002046E16838
:100920008847054608F01CFE0028EED1012F0AD0AA
:100930002E2D08D12046E16888477F1C0546022FEE
:1009400046F02006C4DBA069002803DA404246F0E6
:100950000106A061F00701D026F010066C2D0BD027
:10096000682D09D04C2D39D06A2D35D0742D35D055
:100970007A2D33D016E038E0E1682F4620468847CC
:10098000B842054609D16C2F26D04FF48060E1684B
:10099000064320468847054604E06C2F1AD04FF4E2
:1009A000807006430DB3A5F14100192802D8203507
:1009B00046F400664A462946204626604E46FFF722
:1009C00005FC80B101280BD0F61D26F0070000F1D0
:1009D000080956E74020E4E78020D8E70020D6E762
:1009E00006F104094DE7284652E7206ABDE8F09F6A
:1009F000808D000030B5B0F10A0271F100034FEABA
:100A0000900E4EEA817EB0EB0E0061EB91014FEA51
:100A1000101E4EEA017E10EB0E0041EB11114FEA61
:100A2000102E4EEA016E10EB0E0041EB11214FEA41
:100A3000104E4EEA014E10EB0E0041EB11414018F2
:100A400041F100014FEAD00040EA41704FEAD10184
:100A50004FEA810444EA907410EB800544EB0104F2
:100A60006D1944EB0404521BA3414FF0000348BF2F
:100A70000A3200D530BD401C41F1000130BD2DE9E6
:100A8000F0470D4699469246044600F12408016855
:100A9000880604D5E06921F01001216000E0012002
:100AA000A84201DD471B00E00027A1697A1902EB8B
:100AB0000900081AA0612078C00602D42046FFF77A
:100AC000E6FC002608E0D4E901211AF80600904768
:100AD000206A401C761C20624E45F4DB2078C0065C
:100AE0000AD52046FFF7D3FC06E0D4E901213020E7
:100AF0009047206A401C2062381EA7F10107F4DCF1
:100B000007E0D4E9012118F805009047206A401C4D
:100B10002062281EA5F10105F3DC2046FFF7CDFC7D
:100B20002078000602D50220BDE8F0870120FBE70F
:100B30002DE9FF4F0C461E464FF0FF378BB0D2E930
:100B40000001DDF860800A908A46C1F30A5505B9B4
:100B50003D46002108464FF00000BAF1000F00F4B6
:100B6000400005DA00EB80004FF4400101EA50003C
:100B70004FEA9059B9F1010F00DDB9460A9850EAE1
:100B80004A000ED044F61050A5F2FF3545432F140D
:100B9000B8F1000F1ED07542291E1EDDC9F10002FA
:100BA0001CE0B8F1010F4FF0000001D0302103E04C
:100BB000F24305E02154401CB042FBDB30460022EA
:100BC000002121540B99C1F80880C1E900200FB021
:100BD000BDE8F08FBD1B6D1CDEE74A4600DA6942B6
:100BE00006A800F0F3FB06AB93E8070003AB83E82D
:100BF000070050460A9908F0D7F88DE80700A0F5DD
:100C000000501F3800900398002D0ADD42F21F01AA
:100C10004A460844002303A90390684608F040FBB5
:100C200009E0A0F500504A461F38002303A90390AD
:100C3000684608F04AFB8DE807000004000C03D06A
:100C40004FF0FF30410800E01046B8F1000F03D02C
:100C50000022009215461EE0751E05D4FFF7CAFE5D
:100C6000303262556D1EF9D5B3460122084302D0D9
:100C700000227F1C04E02078302801D100227F1E52
:100C8000002A099784D01DE0112D07DAFFF7B2FE84
:100C9000303262556D1C50EA0102F5D1084302D092
:100CA0000098C8B10EE00021681E05E0235C625C7C
:100CB00063542254401E491C8142F7DBAB46A81BFB
:100CC000401E0990002004F80B000B98099AC0F808
:100CD0000880C0E9002B7AE711264FF0000857E79B
:100CE0002DE9F04F88460446D21D22F0070191B04D
:100CF000D1E90001CDE90A0108F01EFC02460B987B
:100D0000C00F01D02D2007E02068810701D52B20DE
:100D100002E0202101EAC000032A099001D0072A3D
:100D200005DB03464146204600F010FB0BE120782E
:100D3000800601D5E06900E00620B8F1650F814624
:100D400006D0B8F1660F18D0B8F1670F70D131E056
:100D50000020B9F1110F009001DB112301E009F12E
:100D600001030AAA01A90CA8FFF7E2FEDDE90C7055
:100D7000002609F10105834647E001204B4600901B
:100D80004FF000470AAA01A90CA8FFF7D1FEDDE940
:100D90000DB00C995D46002610B909F101000D183F
:100DA000B9EB050003D4C0F1FF3609F10105A5EB4D
:100DB00009002BE0B9F1010F01DA4FF00109002021
:100DC000B9F1110F0090484601DD112300E0034600
:100DD0000AAA01A90CA8FFF7ABFEDDE90C704D468D
:100DE00000268346207800070AD4AB4500DA5D462A
:100DF00001A8012D04DD411911F8011C302907D08B
:100E00004F4502DA17F1040F04DA012082460FE0A1
:100E10006D1EEEE7002F02DCED1B3E4403E0781C64
:100E2000A84200DD7D1CB81B00F1010A4FF000470D
:100E30002078000703D4AA4501DB4FF0FF3A0021D8
:100E4000B7F1004F0DF143088DF8431024D0022074
:100E50002B23002F01DA7F422D230A21021EA0F14D
:100E6000010000DC5FB197FBF1FC97FBF1F201FBA5
:100E70001C7C17460CF1300C08F801CDEEE7A8F108
:100E8000010003702188090501D5452100E0652195
:100E9000A0F1010800F8011C09980FA9A1EB0807AF
:100EA000FF1D00B10120411901EBEA70A16938442E
:100EB000081A401EA0612078C00602D42046FFF721
:100EC000E6FA099828B1D4E901219047206A401C2C
:100ED00020622078C00622D52046FFF7D8FA1EE00F
:100EE000002E04DBB34502DD01A8805D00E0302068
:100EF000D4E901219047206A401C2062761CAAF1A7
:100F000001005FEA000A0AD100F01CFAC06801681B
:100F1000405CD4E901219047206A401C2062281ED1
:100F2000A5F10105DCDC07E0D4E9012118F8010B8B
:100F30009047206A401C2062381EA7F10107F3DCAD
:100F40002046FFF7BAFA032011B041E62DE9F04F31
:100F500004460D46D21D22F0070089B0D0E9009763
:100F60004846394608F0E8FA0246F80F01D02D232A
:100F700007E02068810701D52B2302E0202101EA48
:100F8000C0038DF820300BB1012000E00020032ABF
:100F9000824601D0072A04DB2946204600F0D6F914
:100FA0003FE12078800601D40D2500E0E569C7F314
:100FB0000A560D2D49DA00214FEA175B08464FF01B
:100FC0000000002F00F4400007DA00EB80004FF42F
:100FD000400100EBD07001EA60008115012901DDBC
:100FE0004FF0FF3100224FEA850CBCF1180F06D3F9
:100FF0001346ACF118004FF08052C24003E04FF4AA
:10100000801323FA0CF30CF10C0CBCF1200F04D369
:10101000ACF1200C09FA0CF001E007FA0CF0002901
:101020004FF0004801DD18B90FE00ED140450CD358
:1010300019EB02095F4121B9404502D19F4329EADA
:101040000209BBEB175F00D0761C2088000502D593
:101050007B48784402E07A487844193808AA30235B
:1010600002F80A30037C0AF10101002E0AF1020A9B
:1010700053546A4602DC4FF0300101E04FF0310179
:101080004FF001088DF8001002D0A6F2FF3603E001
:1010900059EA470100D06B4E002D02DC2178090788
:1010A00004D54FF002082E218DF80110C44600210E
:1010B0000BE0C7F303433F01C35C491C6D1E02F8FC
:1010C0000830052908F1010801DA002DF1DC0021C2
:1010D0000CE000EB1973491C1B786D1E082902F8FF
:1010E00008304FEA091908F1010801DA002DF0DC97
:1010F00021688B0602D516E0A8F10108E04505DD60
:1011000002EB080313F8013C302BF5D0B8F1000FC7
:1011100009DD02EB080313F8013C2E2B03D109076C
:1011200001D4A8F10108002D05DD3E2102F80810C8
:101130006D1E08F10108407C002E02F8080008F13D
:10114000010804DA2D20764202F8080002E02B2084
:1011500002F808000A214FF47A70864208F101086B
:101160000BDB96FBF0F3303302F8083096FBF0F31C
:1011700008F1010800FB136601E0642E0CDB64201B
:1011800096FBF0F3303302F8083096FBF0F308F1E9
:10119000010800FB136601E00A2E06DB96FBF1F066
:1011A000303002F8080008F1010896FBF1F001FB6D
:1011B0001060303002F80800A16908F1010808EB5E
:1011C000050202EB0A00081AA0612078C00602D4CA
:1011D0002046FFF75CF9216A08AE01EB0A002062A5
:1011E00004E0D4E9012116F8010B9047BAF1010A95
:1011F000F7D22078C00602D52046FFF748F96E46A0
:1012000009E016F8010B3E280FD0D4E901219047E0
:10121000206A401C2062B8F10108F2D22046FFF794
:101220004CF909B00320BDE8F08F206A2844206201
:1012300003E0D4E90121302090476D1EEBD3F8E79D
:10124000CE85000002FCFFFF10B5436913B1AFF378
:10125000008001E0FFF754F9012010BD127800F181
:1012600024010A7000224A700122EDE711684FF054
:10127000FF32E9E710B5436913B1AFF3008001E035
:10128000FFF7D6F9012010BD128800F124018284F5
:101290000022C2840122EDE711684FF0FF32E9E736
:1012A0002DE9F04116460C46054600F043F8036868
:1012B00093F80101012807D0FF2C12D8185D80B1E6
:1012C00001202C70BDE8F081D3F807013246214699
:1012D00003F20713C7182846BC46BDE8F0410023B7
:1012E00060474FF0FF30EDE7754600F0EBF8AE4693
:1012F00005006946534620F00700854618B020B522
:10130000FEF7DCFFBDE820404FF000064FF000077D
:101310004FF000084FF0000BAC46ACE8C009ACE859
:10132000C009ACE8C009ACE8C00921F007018D464E
:101330007047000010B500F005F8001D10BD00BF9B
:101340005D82000000487047B00100202DE9F041A7
:101350001F46044603260168072A01F4006004DBE7
:1013600008B116A505E016A503E008B115A500E033
:1013700015A521F010002060A069C01EA0610FB16A
:10138000401EA0612046FFF782F84FB1D4E9012149
:1013900038469047206A401C2062C01C206206E04C
:1013A000206AFAE7D4E9012115F8010B9047761E6F
:1013B000F8D22046FFF781F8BDE8F0814E414E009B
:1013C0006E616E00494E4600696E66002DE9F04779
:1013D000814616468AB0354878440DC88DE80D0020
:1013E00032487844801C03AC0DC884E80D0041F6F7
:1013F0009B300844372190FBF1F290FBF1F5A5F109
:10140000800501FB12041B3C02D56442012000E070
:101410000020DFF898A080460027FA44AAF1BE0A0F
:101420000EE0E0070AD03246684607EB4701012389
:101430000AEB810107F049FF8DE8070064107F1C6B
:10144000002CEED1194F7F44AE3F19E0E80715D0CC
:1014500007EB04100DF1180A90E80E008AE80E0060
:10146000C068F04201D1981908903246012306A9BC
:1014700003A807F02AFF03AB83E807006D10641C84
:10148000002DE3D14FF0010332466946B8F1000F59
:1014900003A802D007F004FF01E007F016FFC9E936
:1014A0000001C9F808200AB0BDE8F087D882000022
:1014B00010B50446AFF300802046BDE81040FEF7AB
:1014C000E8BE000000487047900100204FF0013C4A
:1014D00050F8042B51F8043B9A4221D1A2EB0C03A3
:1014E000934313EACC1317D150F8042B51F8043B63
:1014F0009A4215D1A2EB0C03934313EACC130BD100
:1015000050F8042B51F8043B9A4209D1A2EB0C038A
:10151000934313EACC13DBD04FF00000704700BFB9
:10152000D01A01BAB1FA81F101F0180122FA01F0E2
:10153000CB40DBB2C0B2C01AC1F120012CFA01F3DA
:10154000D11A914311EAC311E6D17047014918201D
:10155000ABBEFEE72600020070470000FFE7FEE793
:1015600084B08DF80F000291ADF806209DF80F00B1
:101570000146009123281DD80099DFE801F01213DD
:101580001415161B1B1B1B1B1B1B1B1B1B1B1B1BBD
:101590001B1B1B1B1B1B1B1B1B1B1B1B1B1B1718A2
:1015A000191A08E007E006E005E004E003E002E0C5
:1015B00001E000E0FFE7002004B070470020704722
:1015C00080B582B040F62060C2F20000009040F684
:1015D0001421C2F200010022019204F001F90098E6
:1015E00040F21461C2F2000104F0ECF8019802B07C
:1015F00080BD000080B584B003900291039940F64D
:101600002060C2F20000019004F0DCF8019804F0C0
:1016100093F8002004B080BD80B58EB08446109849
:10162000CDF830C00B910A92ADF826308DF8250028
:101630000B980C9908600A980C994860BDF8260030
:101640000C9908819DF82500642809D1FFE740F234
:101650007211C2F200010B2048703820487212E06B
:101660009DF82500C82809D1FFE740F27211C2F2A7
:1016700000010A2048703920487203E0FF208DF8ED
:1016800037007BE0FFE700200890FFE7089811286B
:1016900029D8FFE7089A40F27211C2F200018818B7
:1016A000895C407840EA0120ADF81E000C9948683A
:1016B0000989002200F0FAFA0C9800686A46FF21B6
:1016C00011600DF11E0107AA0123049302F05EFCD4
:1016D000049A0C994868098900F0E8FAFFE708982D
:1016E00002300890D2E700200690FFE70698112804
:1016F00040D8FFE7069940F27210C2F20000039052
:10170000415C4FF4004040EA0120ADF816000C990E
:1017100048680989002200F0C9FA0C9800686A46F6
:10172000FF2111600DF1160105AA0123029302F0B9
:101730002DFC029A0C994868098900F0B7FA0398C1
:101740000699405C052810D0FFE79DF81400069923
:1017500040F27212C2F2000211444978884204D069
:10176000FFE7FE208DF8370008E0FFE7069802301B
:101770000690BBE700208DF83700FFE79DF83700A3
:101780000EB080BD80B584B003904FF40040ADF83A
:101790000A00039948680989002200F087FA039833
:1017A00000686A46FF2111600DF10A0102AA0123B7
:1017B000019302F0EBFB019A03994868098900F054
:1017C00075FA9DF8080004B080BD000080B58EB0A9
:1017D0000D908DF833100B9202208DF81E009DF8AD
:1017E0003300002818BF012068308DF81F00052045
:1017F0008DF82000E2218DF8211008218DF82210AB
:10180000002303938DF8233009218DF824108DF8DF
:1018100025300A218DF826108DF827300B218DF800
:1018200028108DF829308DF82A00A2208DF82B0081
:101830000B9940F60002C2F6AF721846FEF750FD53
:1018400001460398069106998DF823100699090A16
:101850008DF82510BDF81A108DF827109DF81B1073
:101860008DF829100590FFE705980D2832D8FFE77D
:10187000059A0DF11E0102918818895C407840EAB2
:101880000120ADF812000D9948680989002200F086
:101890000DFA0D9800686A46FF2111600DF11201E2
:1018A00004AA0123019302F071FB019A0D99486883
:1018B000098900F0FBF902980599405C052804D1DC
:1018C000FFE7642000F040F8FFE7FFE705980230EB
:1018D0000590C9E70EB080BD7047000081B0EFF3FE
:1018E000108072B60090FFE7FEE7000080B584B07C
:1018F0004FF2E870C1F6FF70006803904FF2EC7091
:10190000C1F6FF70006802904FF2F070C1F6FF70F0
:10191000006801900199039808440390039888B1E6
:10192000FFE7039840F25811C2F200010091023122
:10193000082202F03BFE009902981231042202F0C4
:1019400035FEFFE704B080BD80B584B0039000F0A1
:10195000C5F90290039801900198013048B1FFE762
:1019600040F28410C2F2000001780198084401900E
:10197000FFE7FFE700F0B2F90299401A01998842A7
:1019800001D2FFE7F6E704B080BD000090B00F90F1
:101990000E9100200D900990FFE70E9800680D99B8
:1019A000C840002800F07F81FFE70D9901208840A2
:1019B0000C900E9800680C9908400B900B980C99AD
:1019C000884240F06C81FFE70E984068059000283F
:1019D00051D0FFE7059801283AD0FFE70598022883
:1019E0003FD0FFE7059803285FD0FFE7059811284F
:1019F00032D0FFE70598122838D0FFE7059800217C
:101A0000C1F21101884236D0FFE705980021C1F2EA
:101A1000120188422FD0FFE705980021C1F2210171
:101A2000884228D0FFE705980021C1F222018842B0
:101A300021D0FFE705980021C1F2310188421AD078
:101A4000FFE705980021C1F23201884213D02FE050
:101A50000E98C06809902CE00E98C0680430099078
:101A600027E00E98C0680830099022E00E98C06800
:101A70000C3009901DE00E98806818B9FFE704202B
:101A8000099011E00E988068012806D1FFE7082030
:101A900009900C980F99086105E0082009900C98AE
:101AA0000F994861FFE7FFE703E00020099000E09D
:101AB000FFE70B98FF2803D8FFE70F98049003E097
:101AC0000F9804300490FFE7049808900B98FF28C3
:101AD00004D8FFE70D988000039006E00D996FF0A1
:101AE0001F0000EB81000390FFE703980790089820
:101AF0000068079A0F219140884309999140084353
:101B0000089908600E98C079C006002840F1C68088
:101B1000FFE7FFE741F21800C4F20200016841F05C
:101B200001010160006800F0010006900698FFE7DF
:101B30000D9820F003000821C4F2010140580A90DA
:101B40000D9800F0030081000F2000FA01F10A98BF
:101B500088430A900F9840F60001C4F201018842C0
:101B600003D1FFE70020029026E00F9840F60041E5
:101B7000C4F20101884203D1FFE70120019018E07F
:101B80000F9841F20001C4F20101884203D1FFE73E
:101B9000022000900AE00F9941F20042C4F20102D3
:101BA0000420914208BF03200090FFE700980190B5
:101BB000FFE701980290FFE702980D9901F00301F9
:101BC000890000FA01F10A9808430A900A980D99D1
:101BD00021F003010822C4F2010288500E98807996
:101BE000C006002809D5FFE70B9A40F20841C4F26D
:101BF000010108681043086008E00B9A40F20841B0
:101C0000C4F20101086890430860FFE70E988079EC
:101C10008006002809D5FFE70B9A40F20C41C4F278
:101C2000010108681043086008E00B9A40F20C417B
:101C3000C4F20101086890430860FFE70E988079BC
:101C40008007002809D5FFE70B9A40F20441C4F24F
:101C5000010108681043086008E00B9A40F2044153
:101C6000C4F20101086890430860FFE70E9880798C
:101C7000C00748B1FFE70B9A40F20041C4F20101EE
:101C800008681043086008E00B9A40F20041C4F273
:101C90000101086890430860FFE7FFE7FFE70D9840
:101CA00001300D9079E610B07047000082B00190CD
:101CB000ADF802108DF801209DF8010028B1FFE772
:101CC000BDF802000199086105E0BDF802000004BA
:101CD00001990861FFE702B07047000041F29C40A3
:101CE000C2F200000068704740F28410C2F20000A7
:101CF000027841F29C41C2F2000108681044086079
:101D00007047000080B542F20001C4F20201086889
:101D100040F010000860032000F096F80F2000F05B
:101D200005F800F03BF8002080BD000080B582B0CF
:101D3000009040F21C00C2F20000006840F28411E2
:101D4000C2F200010A784FF47A71B1FBF2F1B0FBF4
:101D5000F1F002F0EDFA20B1FFE701208DF8070065
:101D600018E000980F280DD8FFE700994FF0FF30DA
:101D7000002200F04FF8009840F28811C2F20001F2
:101D8000086003E001208DF8070003E000208DF8D3
:101D90000700FFE79DF8070002B080BD83B0FFE7B2
:101DA00041F21800C4F20200016841F00101016033
:101DB000006800F0010002900298FFE7FFE741F29F
:101DC0001C00C4F20200016841F08051016000680B
:101DD00000F0805001900198FFE7FFE70421C4F272
:101DE000010108680090009820F0E06000900098E1
:101DF00040F00070009000980860FFE703B0704763
:101E000080B582B08DF807009DF9070006F0EAFE64
:101E100002B080BD80B586B08DF8170004910392A2
:101E20000020029006F0F6FE02909DF91700019046
:101E300002980499039A02F0BFFC0146019806F04B
:101E4000F1FE06B080BD000080B582B0019001981F
:101E500006F00AFF02B080BD84B00390ADF80A100E
:101E6000ADF808200193BDF80A00000600280CD543
:101E7000FFE70398BDF80A1001F0070101EB8101AB
:101E800000EBC100103000900AE00398BDF80A1082
:101E900001EB810100EBC10000F5A8700090FFE7A5
:101EA000BDF8080038B9FFE70099002008730198D1
:101EB0000099C8800AE000990120087301980099F0
:101EC0000881BDF8060000994881FFE7002004B0B2
:101ED0007047000082B001908DF803109DF8030058
:101EE000012801D1FFE700E0FFE702B070470000E2
:101EF00080B582B001908DF80310019AD2F8D40217
:101F00009DF8031001EB810302EBC302526A04F057
:101F10006BF902B080BD000080B582B001908DF8F1
:101F20000310019AD2F8D4029DF8031001EB81034B
:101F300002EBC302D2F8642104F008FA02B080BDBB
:101F400080B584B002908DF807109DF80700000658
:101F500000280FD5FFE702989DF8071001F0070150
:101F600001EB810100EBC1001030009000990120CD
:101F700048700FE002989DF8071001F0070101EB8F
:101F8000810100EBC10000F5A870009000990020CD
:101F90004870FFE79DF8070000F0070000990870FF
:101FA000FFE7029890F89002012804D1FFE7022091
:101FB0008DF80F0014E00299012081F89002FFE7EC
:101FC000FFE702980068009905F064FBFFE70299BB
:101FD000002081F89002FFE700208DF80F00FFE756
:101FE0009DF80F0004B080BD80B584B002908DF8DC
:101FF00007109DF8070000F00F0002990979884248
:1020000004D9FFE701208DF80F004DE09DF807008F
:10201000000600280FD5FFE702989DF8071001F091
:10202000070101EB810100EBC10010300090009925
:10203000012048700FE002989DF8071001F0070199
:1020400001EB810100EBC10000F5A8700090009940
:1020500000204870FFE70099002088709DF8070075
:1020600000F0070000990870FFE7029890F89002CE
:10207000012804D1FFE702208DF80F0014E0029937
:10208000012081F89002FFE7FFE7029800680099BD
:1020900005F0F0FCFFE70299002081F89002FFE7CD
:1020A00000208DF80F00FFE79DF80F0004B080BD01
:1020B00080B586B005900491ADF80E20BDF80E00F5
:1020C0004004002877D5FFE705980068B0F8500075
:1020D0000499097800EBC1010598006800EB410004
:1020E000B0F804046FF39F20ADF80C0004988069E9
:1020F000BDF80C10884207D3FFE7BDF80C20049907
:102100008869801A886103E0049900208861FFE7EC
:1021100004988069F8B9FFE7FFE70598006804991B
:10212000097830F821004BF68F710840ADF80A00AD
:10213000BDF80A0080F40050ADF80A00BDF80A00AE
:1021400048F28001084305990968049A127821F839
:102150002200FFE7FFE7BDF80E00400600281BD570
:10216000FFE7FFE7FFE7059800680499097830F872
:10217000210048F68F710840ADF80800BDF808004E
:1021800048F2C001084305990968049A127821F8B9
:102190002200FFE7FFE7FFE7BDF80C0050B1FFE7C3
:1021A00005980068049A51691289BDF80C3006F050
:1021B00077FCFFE776E005980068B0F850000499D6
:1021C000097800EBC1010598006800EB4100B0F808
:1021D0000C046FF39F20ADF80C0004988069BDF8E3
:1021E0000C10884207D3FFE7BDF80C2004998869DA
:1021F000801A886103E0049900208861FFE7049851
:102200008069F8B9FFE7FFE7059800680499097845
:1022100030F821004BF68F710840ADF80600BDF88C
:10222000060080F40050ADF80600BDF8060048F244
:102230008001084305990968049A127821F8220060
:10224000FFE7FFE7BDF80E00400600281BD4FFE7BC
:10225000FFE7FFE7059800680499097830F8210046
:1022600048F68F710840ADF80400BDF8040048F24C
:10227000C001084305990968049A127821F82200E0
:10228000FFE7FFE7FFE7BDF80C0050B1FFE7059857
:102290000068049A51695289BDF80C3006F000FCC0
:1022A000FFE7FFE7BDF80C0006B080BD80B5A6B023
:1022B00025902491ADF88E20BDF88E0040060028B0
:1022C00040F1BB81FFE725980068B0F850002499E1
:1022D000097800EBC1012598006800EB4100B0F8D7
:1022E00004046FF39F20ADF8860024988069BDF840
:1022F0008610884207D9FFE7BDF8862024998869AF
:10230000801A886103E0249900208861FFE72498FF
:102310008069002840F0B080FFE7FFE7249840780C
:1023200008BBFFE7FFE72598006820902598006824
:10233000B0F85010209808442090209824990978EB
:1023400000EB011000F204401F90FFE71F9908887E
:102350006FF39F2008801F99088840F40040088090
:10236000FFE7FFE71DE024984078012818D1FFE738
:10237000FFE7259800681D9025980068B0F8501078
:102380001D9808441D901D982499097800EB0110B0
:1023900000F204401C901C9900200880FFE7FFE732
:1023A000FFE7FFE7FFE7259800681B902498407837
:1023B00008BBFFE7FFE7259800681990259800689B
:1023C000B0F8501019980844199019982499097870
:1023D00000EB011000F20C401890FFE718990888F4
:1023E0006FF39F2008801899088840F40040088007
:1023F000FFE7FFE718E024984078012813D1FFE7B2
:1024000025980068B0F850101B9808441B901B9842
:102410002499097800EB011000F20C401A901A99E7
:1024200000200880FFE7FFE7FFE725982499097857
:10243000FFF75EFDBDF88E00400400281BD5FFE7C6
:10244000FFE7FFE7259800682499097830F8210014
:1024500048F68F710840ADF85A00BDF85A004CF2AA
:102460008001084325990968249A127821F82200EE
:10247000FFE7FFE7FFE7DFE0BDF88E00400400283C
:102480001BD5FFE7FFE7FFE7259800682499097847
:1024900030F8210048F68F710840ADF85800BDF8BB
:1024A00058004CF28001084325990968249A127853
:1024B00021F82200FFE7FFE7FFE7249890F82400C7
:1024C000012840F0B880FFE7BDF8862024994869CC
:1024D00010444861BDF886202499C8691044C86139
:1024E00024980169006A884209D3FFE724980069AB
:1024F0002290229A2499086A801A086216E0249889
:10250000006A40B9FFE7BDF88600229024990020B8
:1025100081F8240009E02499002081F824002499FE
:10252000096A229124990862FFE7FFE7FFE72498F0
:102530004078002856D1FFE7FFE7259800681590FE
:1025400025980068B0F85010159808441590159813
:102550002499097800EB011000F204401490FFE781
:10256000149908886FF39F20088022983F2817D37A
:10257000FFE7FFE72298400913909DF88800C00606
:1025800020B9FFE7139801381390FFE7139A1499C5
:10259000088840EA822040F400400880FFE71EE0FF
:1025A000229830B9FFE71499088840F40040088069
:1025B00014E0FFE72298400813909DF88800C007B8
:1025C00020B1FFE7139801301390FFE7139A149995
:1025D000088840EA82200880FFE7FFE7FFE7FFE77F
:1025E000FFE71DE024984078012818D1FFE7FFE7B6
:1025F00025980068129025980068B0F8501012983D
:102600000844129012982499097800EB011000F206
:1026100004401190229811990880FFE7FFE7FFE737
:10262000FFE725980068249A51691289BDF888301F
:1026300006F094FAFFE7FFE7B7E125980068B0F8E5
:1026400050002499097800EBC1012598006800EB3F
:102650004100B0F80C046FF39F20ADF88600249879
:102660008069BDF88610884207D3FFE7BDF8862051
:1026700024998869801A886103E024990020886180
:10268000FFE724988069002840F0B080FFE7FFE76B
:102690002498407808BBFFE7FFE725980068109072
:1026A00025980068B0F850101098084410901098C1
:1026B0002499097800EB011000F204400F90FFE725
:1026C0000F9908886FF39F2008800F99088840F4BD
:1026D00000400880FFE7FFE71DE0249840780128CC
:1026E00018D1FFE7FFE7259800680D90259800684E
:1026F000B0F850100D9808440D900D982499097861
:1027000000EB011000F204400C900C9900200880AE
:10271000FFE7FFE7FFE7FFE7FFE7259800680B907B
:102720002498407808BBFFE7FFE7259800680990E8
:1027300025980068B0F85010099808440990099845
:102740002499097800EB011000F20C400890FFE793
:10275000089908886FF39F2008800899088840F43A
:1027600000400880FFE7FFE718E024984078012840
:1027700013D1FFE725980068B0F850100B98084473
:102780000B900B982499097800EB011000F20C4093
:102790000A900A9900200880FFE7FFE7FFE72598E5
:1027A00024990978FFF7A4FBBDF88E0040040028A7
:1027B0001BD4FFE7FFE7FFE7259800682499097815
:1027C00030F8210048F68F710840ADF81A00BDF8C6
:1027D0001A004CF28001084325990968249A12785E
:1027E00021F82200FFE7FFE7FFE7DDE0BDF88E00FC
:1027F000400400281BD4FFE7FFE7FFE725980068A7
:102800002499097830F8210048F68F710840ADF816
:102810001800BDF818004CF280010843259909689A
:10282000249A127821F82200FFE7FFE7FFE72498B7
:1028300090F82400012840F0B680FFE7BDF886201C
:102840002499486910444861BDF886202499C869D4
:102850001044C86124980169006A884209D3FFE7DF
:10286000249800692290229A2499086A801A0862A2
:1028700016E02498006A40B9FFE7BDF88600229070
:102880002499002081F8240009E02498006A22900D
:10289000249900200862249981F82400FFE7FFE7CB
:1028A000FFE725980068059024984078002856D1C5
:1028B000FFE7FFE725980068039025980068B0F8C7
:1028C000501003980844039003982499097800EB6A
:1028D000011000F20C400290FFE7029908886FF3A4
:1028E0009F20088022983F2817D3FFE7FFE7229810
:1028F000400901909DF88800C00620B9FFE70198C3
:1029000001380190FFE7019A0299088840EA822085
:1029100040F400400880FFE71EE0229830B9FFE74E
:102920000299088840F40040088014E0FFE72298EC
:10293000400801909DF88800C00720B1FFE701988A
:1029400001300190FFE7019A0299088840EA82204D
:102950000880FFE7FFE7FFE7FFE7FFE718E02498BD
:102960004078012813D1FFE725980068B0F850108F
:1029700005980844059005982499097800EB011002
:1029800000F20C400490229804990880FFE7FFE7CA
:10299000FFE725980068249A51695289BDF888306C
:1029A00006F0DCF8FFE7FFE7FFE7FFE725980068A0
:1029B0002499097830F8210048F6BF710840ADF835
:1029C0000200BDF8020080F01000ADF80200BDF872
:1029D000020080F02000ADF80200BDF8020048F2CD
:1029E0008001084325990968249A127821F8220069
:1029F000FFE7002026B080BD82B001908DF8031063
:102A000001989DF8031001F0070101EB810100EB33
:102A1000C100D0F86C0102B07047000080B586B0EC
:102A200004908DF80F10ADF80C208DF80B300020BD
:102A30008DF80A009DF80F00000600280FD5FFE76B
:102A400004989DF80F1001F0070101EB810100EBE4
:102A5000C100103001900199012048700FE00498E6
:102A60009DF80F1001F0070101EB810100EBC1009F
:102A700000F5A8700190019900204870FFE79DF8CB
:102A80000F0000F0070001990870BDF80C000199D3
:102A900008619DF80B000199C8709DF80B00022891
:102AA00004D1FFE7019900200871FFE7FFE70498D0
:102AB00090F89002012804D1FFE702208DF817005A
:102AC00015E00499012081F89002FFE7FFE70498E0
:102AD0000068019904F082FAFFE70499002081F868
:102AE0009002FFE79DF80A008DF81700FFE79DF8B8
:102AF000170006B080BD000080B586B005908DF847
:102B000013100392029305989DF8131001F007012A
:102B100001EB810100EBC10000F5A8700190039862
:102B200001994861029801998861019900200090FB
:102B3000C861019948709DF8130000F007000199E1
:102B4000087005980068019905F07CF8009806B0B7
:102B500080BD000080B584B002908DF807109DF80C
:102B6000070000F0070002990979884204D9FFE7BD
:102B700001208DF80F0057E09DF80700000600289F
:102B80000FD5FFE702989DF8071001F0070101EB50
:102B9000810100EBC10010300090009901204870C5
:102BA0000DE002989DF8071001EB810100EBC100D8
:102BB00000F5A8700090009900204870FFE7009988
:102BC000012088709DF8070000F007000099087048
:102BD000FFE7029890F89002012804D1FFE7022055
:102BE0008DF80F0020E00299012081F89002FFE7A4
:102BF000FFE702980068009904F0E0FF9DF80700E5
:102C0000400738B9FFE70299086801F5267104F01A
:102C10002BFFFFE7FFE70299002081F89002FFE712
:102C200000208DF80F00FFE79DF80F0004B080BD75
:102C300080B586B005908DF8131003920293059825
:102C40009DF8131001F0070101EB810100EBC100B9
:102C500010300190039801994861029801998861A8
:102C60000199012081F824000299019A1162019AC8
:102C700000210091D161019948709DF8130000F086
:102C800007000199087005980068019904F0DAFFBF
:102C9000009806B080BD000080B588B00790079806
:102CA000006805F0F3FE06909DF819000006002864
:102CB00004D5FFE7079801F0B5FDEDE09DF8190098
:102CC0004007002810D5FFE707980168B1F84400D5
:102CD00020F48060A1F84400079800F009FA0798F2
:102CE000002100F035FAD7E09DF8190040060028D1
:102CF00009D5FFE707980168B1F8440020F4804047
:102D0000A1F84400C8E09DF819008006002809D504
:102D1000FFE707980168B1F8440020F40050A1F8DB
:102D20004400B9E09DF81900C00600281CD5FFE753
:102D300007980168B1F8400020F00400A1F84000B5
:102D400007980168B1F8400020F00800A1F84000A1
:102D5000079800F0E9F907980168B1F8440020F4F9
:102D60008050A1F8440097E09DF819000007002862
:102D700072D5FFE700208DF80700FFE79DF80700F8
:102D8000072812D8FFE7079800689DF8071030F869
:102D900021009DF8072002A921F81200FFE79DF805
:102DA000070001308DF80700E8E707980168B1F8DF
:102DB000400040F00100A1F8400007980168B1F818
:102DC000400020F00100A1F84000FFE707980068EC
:102DD000B0F844004005002801D4FFE7F6E7079863
:102DE0000168B1F8440020F48060A1F8440000209C
:102DF0008DF80700FFE79DF80700072810D8FFE7C8
:102E00009DF8072002A830F812000799096821F8F8
:102E10002200FFE79DF8070001308DF80700EAE780
:102E200007980168B1F8400040F00800A1F84000A0
:102E300007980168B1F8440020F40060A1F844004C
:102E400007980168B1F8400040F00400A1F8400084
:102E5000079800F0E5F91FE09DF8190080070028A9
:102E60000CD5FFE707980168B1F8440020F4007022
:102E7000A1F84400079800F061F90DE09DF81900F1
:102E8000C00748B1FFE707980168B1F8440020F493
:102E90008070A1F84400FFE708B080BD80B58AB01B
:102EA0000890089820B9FFE701208DF82700F3E08B
:102EB000089890F8910240B9FFE70899002081F83E
:102EC0009002089800F0ECF8FFE70899032081F8D9
:102ED00091020899002048710898006804F0B4FD38
:102EE000089A1068117B8DF8181051689268059245
:102EF00004910499059A069B04F0BCFB40B1FFE7DE
:102F00000899022081F8910201208DF82700C3E082
:102F100008980068002105F009FE40B1FFE7089914
:102F2000022081F8910201208DF82700B4E00020F2
:102F30008DF81F00FFE79DF81F0008990979884266
:102F400039DAFFE708989DF81F1001EB810100EBCB
:102F5000C101012048749DF81F00089900EB800210
:102F600001EBC201087408989DF81F1001EB810164
:102F700000EBC1010020C87408999DF81F2002EBE6
:102F8000820201EBC201086208999DF81F2002EB42
:102F9000820201EBC201486208999DF81F2002EBF2
:102FA000820201EBC2018862FFE79DF81F00013039
:102FB0008DF81F00BFE700208DF81F00FFE79DF888
:102FC0001F000899097988423EDAFFE708989DF8C2
:102FD0001F1001EB810100EBC101002081F85101BC
:102FE0009DF81F10089A01EB810302EBC30282F8DF
:102FF000501108999DF81F2002EB820201EBC201DB
:1030000081F8530108999DF81F2002EB820201EB21
:10301000C201C1F8600108999DF81F2002EB8202ED
:1030200001EBC201C1F8640108999DF81F2002EB71
:10303000820201EBC201C1F86801FFE79DF81F00A1
:1030400001308DF81F00BAE7089A1068117B8DF8DF
:103050000C1051689268029201910199029A039BA7
:1030600004F0D4FC40B1FFE70899022081F89102F6
:1030700001208DF827000FE0089900200090487388
:103080000899012081F891020898006804F0B8FCC2
:1030900000988DF82700FFE79DF827000AB080BD53
:1030A00080B584B003900398006845F60041C4F2EF
:1030B0000001884219D1FFE7FFE741F21C00C4F28A
:1030C0000200016841F400010160006800F40000A2
:1030D00002900298FFE71420019000221146FEF7AB
:1030E00099FE0198FEF78CFEFFE704B080BD00005A
:1030F00080B582B0019001208DF80300019880799D
:10310000022803D0FFE7FEF7E9FBFFE70198D0F8BC
:10311000D4029DF8031003F0D7FA0198D0F8D40236
:1031200003F06CFA02B080BD80B582B001900198C6
:10313000D0F8D40203F09CFA02B080BD80B582B012
:1031400001900198D0F8D40203F0A4FA02B080BD37
:1031500080B584B002908DF80710FFE7029890F8D0
:103160009002012804D1FFE702208DF80F0019E03A
:103170000299012081F89002FFE7FFE79DF8070020
:1031800002994873029800689DF8071005F0D6FC74
:10319000FFE70299002081F89002FFE700208DF8F8
:1031A0000F00FFE79DF80F0004B080BD80B582B02E
:1031B00001900199D1F8D40201F5267103F0AEFA1D
:1031C00002B080BD80B582B00090FFE7009890F813
:1031D0009002012804D1FFE702208DF807001BE0D0
:1031E0000099012081F89002FFE7FFE7009800684E
:1031F00005F034FC00980121FEF76CFE0098006891
:1032000004F0F8FBFFE70099002081F89002FFE747
:1032100000208DF80700FFE79DF8070002B080BD91
:1032200080B582B001900198D0F8D40203F0F0FA92
:103230000198807A48B1FFE74EF61051CEF20001B6
:10324000086840F006000860FFE702B080BD00009B
:1032500080B586B004900020039002900498007816
:10326000C007002800F0AC80FFE700208DF80700C1
:1032700041F21C00C4F202000068C000002813D410
:10328000FFE7FFE741F21C00C4F20200016841F0D1
:1032900080510160006800F0805000900098FFE7C6
:1032A00001208DF80700FFE747F20000C4F200009C
:1032B0000068C005002822D4FFE747F20001C4F2ED
:1032C0000001086840F480700860FEF707FD039075
:1032D000FFE747F20000C4F200000068C0050028C4
:1032E0000CD4FFE7FEF7FAFC0399401A652804D3D3
:1032F000FFE703208DF817008AE0EAE7FFE741F2D5
:103300002000C4F20200006800F4407002900298AD
:10331000E0B3FFE702980499496801F440718842DC
:1033200034D0FFE741F22001C4F20201086820F422
:103330004070029040F24042C4F2422201201060EC
:1033400000201060029808609DF80800C007E0B1F6
:10335000FFE7FEF7C3FC0390FFE741F22000C4F251
:1033600002000068800700280ED4FFE7FEF7B6FCD5
:103370000399401A41F28931884204D3FFE70320C0
:103380008DF8170044E0E8E7FFE7FFE741F220018E
:10339000C4F20201086820F44070049A5268104395
:1033A00008609DF80700012809D1FFE741F21C01E0
:1033B000C4F20201086820F080500860FFE7FFE7D0
:1033C00004980078800700280CD5FFE741F204013B
:1033D000C4F20201086820F44040049A9268104345
:1033E0000860FFE704980078C00600280CD5FFE7C6
:1033F00041F20401C4F20201086820F48000049A3A
:10340000D26810430860FFE700208DF81700FFE73F
:103410009DF8170006B080BD80B584B00290019180
:10342000029820B9FFE701208DF80F001BE10198F9
:1034300042F20001C4F20201096801F0070188426A
:1034400016D9FFE742F20000C4F20200016821F041
:103450000701019A11430160006800F0070001991B
:10346000884204D0FFE701208DF80F00FBE0FFE762
:1034700002980078800700282AD5FFE70298007894
:103480004007002809D5FFE741F20401C4F2020118
:10349000086840F4E0600860FFE7029800780007E1
:1034A000002809D5FFE741F20401C4F202010868CF
:1034B00040F460500860FFE741F20401C4F20201E9
:1034C000086820F0F000029A926810430860FFE755
:1034D00002980078C007002860D0FFE70298406893
:1034E00001280ED1FFE741F20000C4F2020000689B
:1034F0008003002804D4FFE701208DF80F00B2E01C
:1035000021E00298406802280ED1FFE741F2000056
:10351000C4F2020000688001002804D4FFE7012003
:103520008DF80F009FE00DE041F20000C4F20200B0
:1035300000688007002804D4FFE701208DF80F0001
:1035400091E0FFE7FFE741F20401C4F202010868DD
:1035500020F00300029A526810430860FEF7BEFB99
:103560000090FFE741F20400C4F20200006800F09E
:103570000C0002994968B0EB810F0ED0FFE7FEF70F
:10358000ADFB0099401A41F28931884204D3FFE72C
:1035900003208DF80F0066E0E4E7FFE7019842F2B0
:1035A0000001C4F20201096801F00701884216D245
:1035B000FFE742F20000C4F20200016821F00701B7
:1035C000019A11430160006800F0070001998842E8
:1035D00004D0FFE701208DF80F0044E0FFE70298D8
:1035E0000078400700280CD5FFE741F20401C4F23F
:1035F0000201086820F4E060029AD2681043086073
:10360000FFE702980078000700280DD5FFE741F298
:103610000401C4F20201086820F46050029A1269A1
:1036200040EAC2000860FFE700F04CF841F20401F4
:10363000C4F202010968C9B20A0949F2CC61C0F6B4
:103640000001895CC84040F21C01C2F20001086020
:1036500040F28810C2F200000068FEF767FB00200D
:103660008DF80F00FFE79DF80F0004B080BD00004B
:1036700040F21C00C2F200000068704780B5FFF7FE
:10368000F7FF41F20401C4F202010968C1F302220A
:1036900049F2DC61C0F60001895CC84080BD0000D1
:1036A00080B5FFF7E5FF41F20401C4F202010968A9
:1036B000C1F3C22249F2DC61C0F60001895CC84056
:1036C00080BD000086B00020059004900390029019
:1036D000019041F20400C4F20200006805900598D0
:1036E00000F00C000146009100283FD0FFE7009851
:1036F000042804D0FFE70098082806D037E041F2FC
:103700000020C0F27A00019037E00598C0F38341B1
:1037100049F2E460C0F60000405C02909DF816009B
:10372000C007C0B1FFE741F20400C4F20200006824
:10373000C0F3404149F2F460C0F60000405C0490E0
:10374000029841F20021C0F27A0148430499B0FB8B
:10375000F1F0039007E0029840F60011C0F23D013D
:1037600048430390FFE70398019006E0FFE741F22A
:103770000020C0F27A000190FFE7019806B0704780
:1037800080B586B00490049820B9FFE701208DF839
:1037900017002EE304980078C007002800F0AE80E0
:1037A000FFE741F20400C4F20200006800F00C00E0
:1037B000042813D0FFE741F20400C4F202000068BD
:1037C00000F00C0008281BD1FFE741F20400C4F20E
:1037D00002000068C003002812D5FFE741F2000094
:1037E000C4F2020000688003002808D5FFE70498AF
:1037F000406820B9FFE701208DF81700F9E27CE06E
:10380000FFE704984068B0F5803F09D1FFE741F237
:103810000001C4F20201086840F48030086032E020
:103820000498406868B9FFE741F20001C4F2020160
:10383000086820F480300860086820F48020086060
:1038400020E004984068B0F5A02F0DD1FFE741F2C9
:103850000001C4F20201086840F480200860086892
:1038600040F4803008600CE041F20001C4F2020133
:10387000086820F480300860086820F48020086020
:10388000FFE7FFE7FFE7FFE704984068D0B1FFE7F5
:10389000FEF724FA0390FFE741F20000C4F20200B1
:1038A0000068800300280CD4FFE7FEF717FA03999D
:1038B000401A652804D3FFE703208DF8170098E22B
:1038C000EAE719E0FEF70AFA0390FFE741F2000089
:1038D000C4F202000068800300280CD5FFE7FEF761
:1038E000FDF90399401A652804D3FFE703208DF8FA
:1038F00017007EE2EAE7FFE7FFE7FFE704980078BA
:103900008007002840F18D80FFE741F20400C4F2F7
:103910000200006810F00C0F13D0FFE741F2040022
:10392000C4F20200006800F00C00082829D1FFE76B
:1039300041F20400C4F202000068C003002820D451
:10394000FFE741F20000C4F202000068800700288F
:1039500009D5FFE704980069012804D0FFE701209A
:103960008DF8170045E241F20001C4F20201086837
:1039700020F0F800049A526940EAC2000860FFE7AC
:103980004EE00498006958B3FFE70021C4F24221D9
:1039900001200860FEF7A2F90390FFE741F2000062
:1039A000C4F202000068800700280CD4FFE7FEF78D
:1039B00095F90399401A032804D3FFE703208DF8F3
:1039C000170016E2EAE741F20001C4F202010868BA
:1039D00020F0F800049A526940EAC20008601EE034
:1039E0000021C4F2422100200860FEF777F903901D
:1039F000FFE741F20000C4F20200006880070028DF
:103A00000CD5FFE7FEF76AF90399401A032804D39F
:103A1000FFE703208DF81700EBE1EAE7FFE7FFE798
:103A2000FFE7049800780007002848D5FFE70498CE
:103A3000806918B3FFE740F28041C4F242210120BF
:103A40000860FEF74BF90390FFE741F22400C4F24F
:103A500002000068800700280CD4FFE7FEF73EF95B
:103A60000399401A032804D3FFE703208DF81700B9
:103A7000BFE1EAE7012001F05DFA1FE040F280417A
:103A8000C4F2422100200860FEF728F90390FFE706
:103A900041F22400C4F202000068800700280CD51F
:103AA000FFE7FEF71BF90399401A032804D3FFE749
:103AB00003208DF817009CE1EAE7FFE7FFE7049891
:103AC00000784007002840F1D880FFE700208DF8FB
:103AD000070041F21C00C4F202000068C000002888
:103AE00013D4FFE7FFE741F21C00C4F202000168B3
:103AF00041F080510160006800F080500090009813
:103B0000FFE701208DF80700FFE747F20000C4F24D
:103B100000000068C005002822D4FFE747F200013A
:103B2000C4F20001086840F480700860FEF7D6F81F
:103B30000390FFE747F20000C4F200000068C005F0
:103B400000280CD4FFE7FEF7C9F80399401A65284E
:103B500004D3FFE703208DF817004AE1EAE7FFE707
:103B6000FFE70498C068012809D1FFE741F220016E
:103B7000C4F20201086840F00100086031E00498D6
:103B8000C06868B9FFE741F22001C4F20201086889
:103B900020F001000860086820F0040008601FE0C1
:103BA0000498C06805280DD1FFE741F22001C4F256
:103BB0000201086840F004000860086840F0010055
:103BC00008600CE041F22001C4F20201086820F014
:103BD00001000860086820F004000860FFE7FFE7C4
:103BE000FFE7FFE70498C068E0B1FFE7FEF776F86B
:103BF0000390FFE741F22000C4F202000068800752
:103C000000280ED4FFE7FEF769F80399401A41F245
:103C10008931884204D3FFE703208DF81700E8E0DC
:103C2000E8E71BE0FEF75AF80390FFE741F22000B7
:103C3000C4F202000068800700280ED5FFE7FEF7F7
:103C40004DF80399401A41F28931884204D3FFE7C5
:103C500003208DF81700CCE0E8E7FFE79DF80700A8
:103C6000012809D1FFE741F21C01C4F202010868F2
:103C700020F080500860FFE7FFE70498C069002843
:103C800000F0B380FFE741F20400C4F202000068D4
:103C900000F00C00082800F08280FFE70498C0695B
:103CA00002285CD1FFE76021C4F2422100200860B5
:103CB000FEF714F80390FFE741F20000C4F202009F
:103CC0000068800100280CD5FFE7FEF707F803998C
:103CD000401A032804D3FFE703208DF8170088E07B
:103CE000EAE70498006AB0F5803F0CD1FFE741F2A3
:103CF0000401C4F20201086820F40030049A9268BA
:103D000010430860FFE741F20401C4F202010868B1
:103D100020F47410049B1A6A5B6A1A43104308600B
:103D20006021C4F2422101200860FDF7D7FF039013
:103D3000FFE741F20000C4F20200006880010028A1
:103D40000CD4FFE7FDF7CAFF0399401A032804D3F8
:103D5000FFE703208DF817004BE0EAE71EE0602143
:103D6000C4F2422100200860FDF7B8FF0390FFE78E
:103D700041F20000C4F202000068800100280CD566
:103D8000FFE7FDF7ABFF0399401A032804D3FFE7D1
:103D900003208DF817002CE0EAE7FFE724E0049801
:103DA000C069012804D1FFE701208DF8170020E049
:103DB00041F20400C4F2020000680290029800F48C
:103DC00080300499096A884208D1FFE7029800F41C
:103DD00070100499496A884204D0FFE701208DF8E9
:103DE000170006E0FFE7FFE7FFE700208DF8170068
:103DF000FFE79DF8170006B080BD000080B584B0D5
:103E00000290029820B9FFE701208DF80F006EE0C4
:103E10000298406A60B9FFE702984068B0F5827F77
:103E200001D1FFE703E002990020C861FFE705E048
:103E300002990020086102994861FFE70299002079
:103E40008862029890F8510040B9FFE7029900207B
:103E500081F85000029800F04FF8FFE70299022025
:103E600081F8510002980168086820F0400008605D
:103E7000029A019211685068D2F808C0D36800F421
:103E800082700CF4044C604403F40063184413691A
:103E900003F002031844536903F0010318449369C3
:103EA00003F400731844D36903F038031844136A09
:103EB00003F080031843926A02F400521043086032
:103EC000029801688269042000EA12404860029862
:103ED0000168C86920F40060C86102990020486543
:103EE000029A012182F851108DF80F00FFE79DF82A
:103EF0000F0004B080BD000080B58AB0099000209A
:103F000008900790069005900998006843F2000118
:103F1000C4F20101884237D1FFE7FFE741F2180000
:103F2000C4F20200016841F480510160006800F4AD
:103F3000805004900498FFE7FFE741F21800C4F2B4
:103F40000200016841F004010160006800F0040013
:103F500003900398FFE7A02005900220069003201D
:103F6000089040F60000C4F20100019005A90291FA
:103F7000FDF70CFD0198029940220592002206925D
:103F80000792FDF703FDFFE70AB080BD80B58CB056
:103F9000DDF838C00A9009910892ADF81E30012072
:103FA0000390FDF79BFE04900A9890F851008DF85D
:103FB00017000A9840680690BDF81E00ADF81C0076
:103FC0009DF81700012812D0FFE70698B0F5827F10
:103FD00009D1FFE70A98806828B9FFE79DF8170024
:103FE000042804D0FFE702208DF82F009BE10998F8
:103FF00038B1FFE7089820B1FFE7BDF81E0020B9EF
:10400000FFE701208DF82F008DE1FFE70A9890F877
:104010005000012804D1FFE702208DF82F0082E133
:104020000A99012081F85000FFE7FFE70A9890F80D
:104030005100042805D0FFE70A99052081F85100B6
:10404000FFE70A990020486508990A9A9163BDF82C
:104050001E100A9AD187BDF81E100A9A91870999F5
:104060000A9A1163BDF81E100A9AD186BDF81E1077
:104070000A9A91860A9908640A9948640A9800681D
:10408000006800F04000402807D0FFE70A98016868
:10409000086840F040000860FFE70A98C068B0F583
:1040A000006F40F08180FFE70A98406828B1FFE781
:1040B000BDF81C0001280ED1FFE70A980168006BCB
:1040C0000088C8600A99086B023008630A99C88E94
:1040D0000138C886FFE7FFE70A98C18E01200190EA
:1040E00039B9FFE70A98C08F002818BF0120019056
:1040F000FFE70198C007002855D0FFE70A9800683D
:1041000080688007002818D5FFE70A98C08EA0B104
:10411000FFE70398012810D1FFE70A980168006BB8
:104120000088C8600A99086B023008630A99C88E33
:104130000138C88600200390FFE70A98006880686D
:10414000C007A8B1FFE70A98C08F88B1FFE70A98B7
:104150000068C0680A99896B08800A99886B0230E8
:1041600088630A99C88F0138C88701200390FFE748
:10417000FDF7B4FD0499401A0E99884212D3FFE767
:104180000E98013070B1FFE70A99012081F85100C3
:10419000FFE70A99002081F85000FFE703208DF81F
:1041A0002F00C0E098E782E00A98406828B1FFE756
:1041B000BDF81C0001280ED1FFE70A980168006BCA
:1041C000007808730A99086B013008630A99C88E51
:1041D0000138C886FFE7FFE70A98C18E01200090EA
:1041E00039B9FFE70A98C08F002818BF0120009056
:1041F000FFE70098C007002858D0FFE70A9800683A
:1042000080688007002818D5FFE70A98C08EA0B103
:10421000FFE70398012810D1FFE70A980168006BB7
:10422000007808730A99086B013008630A99C88EF0
:104230000138C88600200390FFE70A98006880686C
:10424000C007A8B1FFE70A98C08F88B1FFE70A98B6
:104250000068C0680A99896B08700A99886B0130F8
:1042600088630A99C88F0138C88701200390FFE747
:10427000FDF734FD0499401A0E99884204D3FFE7F4
:104280000E98013018B9FFE70E9870B9FFE70A9948
:10429000012081F85100FFE70A99002081F85000C1
:1042A000FFE703208DF82F003DE095E7FFE70A9830
:1042B0000E99049A00F05CFE68B1FFE70A9920208D
:1042C0004865FFE70A99002081F85000FFE70120C8
:1042D0008DF82F0027E00A98806870B9FFE7FFE7A4
:1042E000002002900A980068C06802900A9800684E
:1042F000806802900298FFE7FFE70A99012081F8A1
:104300005100FFE70A99002081F85000FFE70A9862
:10431000406D20B1FFE701208DF82F0003E0002061
:104320008DF82F00FFE79DF82F000CB080BD000036
:1043300080B582B00190019800F0E8FE02B080BD27
:1043400080B582B00090009820B9FFE701208DF879
:10435000070040E00098806908B1FFE700E0FFE750
:10436000009890F8410040B9FFE70099002081F8DB
:104370004000009800F034F8FFE70099242081F80D
:10438000410000980168C86820F40050C860009897
:1043900000F080FF00980168086920F490400861EF
:1043A00000980168486920F02A0048610098016877
:1043B000C86840F40050C860009900204864009A22
:1043C000202182F84110009A82F842100099486337
:1043D0008DF80700FFE79DF8070002B080BD0000E0
:1043E00080B58AB00990002008900790069005904B
:1043F0000998006843F60001C4F20101884239D1EE
:10440000FFE7FFE741F21800C4F20200016841F43F
:1044100080410160006800F4804004900498FFE748
:10442000FFE741F21800C4F20200016841F0040104
:104430000160006800F0040003900398FFE74FF468
:1044400000700590022006900320089040F60000BE
:10445000C4F20100019005A90291FDF797FA0198B5
:1044600002994FF480620592002206920792FDF7AE
:104470008DFAFFE70AB080BD80B58AB00890079139
:10448000ADF81A20059300200290089890F841009A
:10449000202840F08180FFE7079820B1FFE7BDF8B2
:1044A0001A0020B9FFE701208DF8270078E008996D
:1044B000002048640899212081F84100FDF70EFC96
:1044C0000290BDF81A0008998884BDF81A0008996E
:1044D000C88408988068B0F5805F09D1FFE7089824
:1044E000006928B9FFE7002004900798039004E0D2
:1044F0000798049000200390FFE7FFE70898C08C1E
:1045000078B3FFE70898029B05996A4611608021FD
:10451000002200F01DFF40B1FFE70899202081F83C
:10452000410003208DF827003AE0049858B9FFE7CE
:10453000039800886FF35F20089909684860039822
:104540000230039008E004980078089909684860F0
:10455000049801300490FFE70899C88C0138C8849A
:10456000CCE70898029B05996A4611604021002219
:1045700000F0EEFE40B1FFE70899202081F84100ED
:1045800003208DF827000BE00899202081F84100D6
:1045900000208DF8270003E002208DF82700FFE7B8
:1045A0009DF827000AB080BDFFE7FEE783B00290C8
:1045B00001918DF8032000208DF802008DF8020093
:1045C000FFE79DF802009DF80310884229DAFFE713
:1045D0000298000F092809D8FFE70298000F303031
:1045E00001999DF8022001F8120009E00299372094
:1045F00000EB117001999DF8022001F81200FFE70D
:1046000002980001029001989DF8021000EB410110
:1046100000204870FFE79DF8020001308DF802008D
:10462000CFE703B07047000080B58AB00020099042
:10463000089007900690FFE741F21800C4F20200CC
:10464000016841F020010160006800F02000059041
:104650000598FFE7FFE741F21800C4F20200016885
:1046600041F004010160006800F004000490049827
:10467000FFE740F60000C4F2010003901021019111
:1046800001220292FDF712FB019A02990398069209
:104690000791002108910321099106A9FDF776F9F8
:1046A0000AB080BD80B582B041F2BC30C2F20000D9
:1046B000019043F20001C4F2010101604FF48271E4
:1046C0004160002181604FF40062C260016141617C
:1046D0004FF4007282611822C261016241628162FC
:1046E0000A21C162FFF78AFB18B1FFE7FDF7F6F870
:1046F000FFE702B080BD000080B582B041F21440F7
:10470000C2F20000019043F60001C4F20101016011
:104710004FF4E131416000218160C16001610C22F0
:1047200042618161C161FFF70BFE18B1FFE7FDF740
:10473000D5F8FFE702B080BD80B540F62060C2F238
:10474000000040F20001C2F20001002201F0DEFC94
:1047500018B1FFE7FDF7C2F8FFE740F62060C2F2AC
:10476000000040F22001C2F2000102F0A5F818B1E9
:10477000FFE7FDF7B3F8FFE740F62060C2F2000064
:1047800040F24411C2F2000101F006F818B1FFE74F
:10479000FDF7A4F8FFE740F62060C2F2000002F047
:1047A000C1F918B1FFE7FDF799F8FFE780BD0000F8
:1047B000FFE7FEE7FFE7FEE788B007900691059266
:1047C000079800F0070004900498C0F1070005283E
:1047D00003D3FFE70420019004E00498C0F1070030
:1047E0000190FFE70198039004980430062803D84D
:1047F000FFE70020009003E0049803380090FFE7F3
:104800000098029006980399012202FA01F10139F9
:104810000840029B984005999A40013A114008438C
:1048200008B0704780B596B01590FFE715980068FE
:10483000B0F844000004002840F17783FFE71598A2
:104840000068B0F84400ADF84C00BDF84C0000F032
:104850000F008DF847009DF84700002840F0568172
:10486000FFE7BDF84C00C006002843D4FFE7FFE790
:1048700015980068008848F60F710840ADF84400AC
:10488000BDF8440040F40040159909680880FFE72E
:1048900015981030149015980068B0F850001499CD
:1048A0000A7800EBC2021598006800EB4200B0F8ED
:1048B00004046FF39F20C86114994869CA691044C1
:1048C000486115980021FDF713FB1598407B80B1D6
:1048D000FFE71498806960B9FFE71598407B40F0C6
:1048E000800015990968A1F84C00159900204873BB
:1048F000FFE70AE1159800F5A87014901598006874
:104900000088ADF84A00BDF84A00000500282FD500
:10491000FFE715980068B0F8500014990A7800EB8A
:10492000C2021598006800EB4200B0F80C046FF367
:104930009F20C8611599086801F52671149BDA88D3
:104940009B8B04F0ADF8FFE715980068008840F6EF
:104950008F710840ADF84200BDF8420040F0800081
:10496000159909680880FFE71598FEF71FFCCBE052
:10497000BDF84A000004002840F1C580FFE7FFE7CA
:1049800015980068008840F68F710840ADF8400027
:10499000BDF8400040F08000159909680880FFE7E5
:1049A00015980068B0F8500014990A7800EBC2021C
:1049B0001598006800EB4200B0F80C046FF39F20DC
:1049C000C8611498C069B0B1FFE71498406990B10C
:1049D000FFE715980068149B5969DA889B8B04F0EF
:1049E0005FF814994869CA69104448611598002114
:1049F000FDF792FAFFE7159800680088ADF84A00C5
:104A0000BDF84A00000500287CD4FFE7BDF84A0045
:104A100000F44050B0F5405F74D0FFE7FFE7159811
:104A200000680F9015980068B0F850100F9808446F
:104A30000F900F9800F20C400E90FFE70E99088837
:104A40006FF39F200880149800693F2818D3FFE770
:104A5000FFE71498006940090D901498007CC00687
:104A600020B9FFE70D9801380D90FFE70D9A0E99D8
:104A7000088840EA822040F400400880FFE720E0F8
:104A80001498006930B9FFE70E99088840F4004097
:104A9000088015E0FFE71498006940080D9014980D
:104AA000007CC00720B1FFE70D9801300D90FFE7B3
:104AB0000D9A0E99088840EA82200880FFE7FFE7F8
:104AC000FFE7FFE7FFE7FFE71598006800884BF670
:104AD0008F710840ADF83200BDF8320080F480508C
:104AE000ADF83200BDF8320080F40050ADF832006D
:104AF000BDF8320048F28001084315990968088022
:104B0000FFE7FFE7FFE7FFE7FFE70CE21598006824
:104B10009DF8471030F82100ADF84A00BDF84A0072
:104B20000004002840F1E180FFE7FFE715980068E6
:104B30009DF8471030F8210040F68F710840ADF81D
:104B40003000BDF8300040F08000159909689DF8EC
:104B5000472021F82200FFE715989DF8471001EB48
:104B6000810100EBC10000F5A87014901498007B3F
:104B700008BBFFE715980068B0F850001499097851
:104B800000EBC1011598006800EB4100B0F80C047F
:104B90006FF39F20ADF84E00BDF84E0050B1FFE717
:104BA00015980068149A5169D288BDF84E3003F008
:104BB00077FFFFE775E01498C078022809D1FFE776
:104BC00015981499BDF84A20FDF772FAADF84E0019
:104BD00066E0FFE7FFE7159800681499097830F858
:104BE000210048F68F710840ADF82E00BDF82E0068
:104BF00048F2C001084315990968149A127821F8FF
:104C00002200FFE7FFE7159800681499097830F84B
:104C100021004004002821D5FFE715980068B0F86E
:104C200050001499097800EBC1011598006800EB59
:104C30004100B0F804046FF39F20ADF84E00BDF8BA
:104C40004E0050B1FFE715980068149A5169128917
:104C5000BDF84E3003F024FFFFE720E01598006810
:104C6000B0F850001499097800EBC101159800685C
:104C700000EB4100B0F80C046FF39F20ADF84E003C
:104C8000BDF84E0050B1FFE715980068149A5169BD
:104C90005289BDF84E3003F003FFFFE7FFE7FFE75F
:104CA000FFE7BDF84E201499C8691044C861BDF8EB
:104CB0004E2014994869104448611498806938B1AD
:104CC000FFE7BDF84E0014990969884206D2FFE754
:104CD000159814990978FDF71FF905E015980068F3
:104CE000149902F0AFFFFFE7FFE7BDF84A000006A6
:104CF000002840F11781FFE715989DF8471001EB58
:104D0000810100EBC10010301490FFE71598006896
:104D10009DF8471030F8210048F60F710840ADF8B3
:104D20002C00BDF82C0040F40040159909689DF84E
:104D3000472021F82200FFE71498C078012840F0AE
:104D4000A180FFE71499002088611498007B002857
:104D500000F09280FFE7BDF84A004006002846D5E3
:104D6000FFE7FFE71498407808BBFFE7FFE71598D7
:104D700000680A9015980068B0F850100A98084426
:104D80000A900A981499097800EB011000F2044087
:104D90000990FFE7099908886FF39F200880099917
:104DA000088840F400400880FFE7FFE71DE0149802
:104DB0004078012818D1FFE7FFE7159800680790B1
:104DC00015980068B0F850100798084407900798A5
:104DD0001499097800EB011000F20440069006993E
:104DE00000200880FFE7FFE7FFE7FFE743E0FFE77A
:104DF0001598006805901498407808BBFFE7FFE716
:104E000015980068039015980068B0F85010039842
:104E10000844039003981499097800EB011000F2FC
:104E20000C400290FFE7029908886FF39F200880EA
:104E30000299088840F400400880FFE7FFE718E087
:104E400014984078012813D1FFE715980068B0F84E
:104E5000501005980844059005981499097800EBBE
:104E6000011000F20C400490049900200880FFE734
:104E7000FFE7FFE7FFE7FFE7159814990978FDF7CB
:104E800037F84EE0BDF84A00C005002841D4FFE7DE
:104E900015980068B0F850001499097800EBC1012A
:104EA0001598006800EB4100B0F804046FF39F20F0
:104EB000ADF8480014988069BDF84810884207D9B9
:104EC000FFE7BDF8482014998869801A886103E0DB
:104ED000149900208861FFE71498806930B9FFE7D2
:104EE000159814990978FDF703F811E0BDF84820EA
:104EF0001499486910444861BDF848201499C8695C
:104F00001044C86115980068149902F09BFEFFE7F1
:104F100006E015981499BDF84A20FDF7C7F9FFE798
:104F2000FFE7FFE7FFE7FFF781BC002016B080BD79
:104F30007047000082B00190019840F21C01C2F25B
:104F400000010968C90844F6D352C1F26202A1FB0C
:104F50000221890948430090FFE700BFFFE700985E
:104F6000411E00910028F8D1FFE702B07047000011
:104F700080B586B00490039102920498039B029935
:104F80006A4611600221012200F028F848B1FFE7CB
:104F90000499486D40F02000486503208DF8170003
:104FA00017E00498039B02996A4611608021002251
:104FB00000F014F848B1FFE70499486D40F0200074
:104FC000486503208DF8170003E000208DF81700D6
:104FD000FFE79DF8170006B080BD000080B58AB0DD
:104FE000DDF830C0089007918DF81B2005930598D7
:104FF0000190FCF773FE024601980C99891A084447
:105000000390FCF76BFE0290039840F21C01C2F281
:1050100000010968C1F3CB3148430490FFE70898C9
:105020000068806807990840401AB0FA80F040098B
:105030009DF81B1088425ED0FFE7059801300028DC
:1050400058D0FFE7FCF74AFE0299401A03998842BC
:1050500004D2FFE70398002842D1FFE708980168CF
:10506000486820F0E000486008984068B0F5827F0A
:1050700013D1FFE708988068B0F5004F06D0FFE72E
:1050800008988068B0F5806F07D1FFE7089801683D
:10509000086820F040000860FFE70898806AB0F5D3
:1050A000005F0FD1FFE7FFE708980168086820F468
:1050B0000050086008980168086840F400500860D3
:1050C000FFE7FFE70899012081F85100FFE7089901
:1050D000002081F85000FFE703208DF827000EE044
:1050E000049818B9FFE700200390FFE704980138FF
:1050F0000490FFE793E700208DF82700FFE79DF875
:1051000027000AB080BD00007047000080B582B063
:10511000009000980138B0F1807F03D3FFE70120B1
:10512000019019E0009801384EF21401CEF200010E
:1051300008604FF0FF300F2103F074FD4EF21801AC
:10514000CEF20001002008604EF21002CEF2000202
:10515000072111600190FFE7019802B080BD0000B7
:1051600080B5FCF7C1FD80BD80B596B00CA801905C
:105170002821FBF762F90198002302930B930A930D
:1051800009930893079306930593049303930122CD
:105190000C924FF480310D910E93109202221392D3
:1051A00014914FF480111591FEF7EAFA18B1FFE758
:1051B000FCF794FBFFE70F200790022008900020E7
:1051C00009904FF480610A910B9007A80121FEF726
:1051D00023F918B1FFE7FCF781FBFFE710200390EC
:1051E0004FF48000069003A8FEF732F818B1FFE7ED
:1051F000FCF774FBFFE716B080BD000070470000AD
:1052000084B00390FFE7FFE70398006850E8030FBE
:1052100020F490700290FFE702990398026842E838
:1052200003100028F0D1FFE7FFE7FFE7FFE703984F
:10523000006850E8050F20F001000190FFE7019998
:105240000398026842E805100028F0D1FFE7FFE765
:105250000398006B012814D1FFE7FFE7FFE70398ED
:10526000006850E8030F20F010000090FFE700995D
:105270000398026842E803100028F0D1FFE7FFE737
:10528000FFE70399202081F842000399002008637A
:1052900004B0704780B584B003900398006800693B
:1052A00020F44050039A1168D268104308610399B2
:1052B00088680A69496910430843029003980068A6
:1052C000C06841F20C618843029908430399096858
:1052D000C86003980068406920F44070039A116820
:1052E0009269104348610398006843F60001C4F2D4
:1052F0000101884204D1FFE7FEF7D2F9019003E0F3
:10530000FEF7BCF90190FFE7019819214843039A81
:10531000116852689200B0FBF2FC48F21F52C5F2CD
:10532000EB12ACFB02304309642003FB10CC3220AB
:1053300000EB0C10A0FB0202F02000EA521000EB80
:105340000310C2F343121044886004B080BD000013
:1053500080B586B0DDF820C0049003918DF80B2055
:105360000193FFE704980068006803990840401A19
:10537000B0FA80F040099DF80B1088424DD1FFE74C
:1053800008980130002847D0FFE7FCF7A7FC0199F7
:10539000401A0899884203D8FFE7089820B9FFE728
:1053A00003208DF817003CE004980068C0684007AF
:1053B000002830D5FFE7039880282CD0FFE703981A
:1053C000402828D0FFE704980068006800F0080132
:1053D0000120B0EBD10F1DD1FFE7FFE700200090C7
:1053E0000498006800680090049800684068009085
:1053F0000098FFE70498FFF703FF0499082048642A
:10540000FFE70499002081F84000FFE701208DF8B4
:10541000170006E0FFE7FFE7A4E700208DF817007C
:10542000FFE79DF8170006B080BD000080B586B08C
:1054300004908DF80F100498D0F8B80202900498E8
:10544000D0F8C00201900498D0F8B802A8B3FFE7E2
:1054500004989DF80F1001EB810100EB8100C069F9
:1054600010B3FFE704989DF80F1001EB810100EBEA
:105470008100C269019800EBC100016AB2FBF1F042
:1054800000FB112080B9FFE704989DF80F1001EB95
:10549000810100EB81000023C36104989DF80F1087
:1054A0001A4601F0C3F904E002990020C1F8140281
:1054B000FFE700208DF8170003E002208DF81700A9
:1054C000FFE79DF8170006B080BD000080B584B0EE
:1054D00002908DF807100298D0F8B8020090029858
:1054E0009DF8071000F0B4FF0099C1F80C02029873
:1054F000D0F8B80270B1FFE70298D0F8BC02C268D9
:105500000099D1F8040201F50371904700208DF84D
:105510000F0003E002208DF80F00FFE79DF80F0059
:1055200004B080BD80B584B003908DF80B100020CE
:1055300001908DF80A000398812100F037FE019850
:105540000399C8620398012100F030FE0198039985
:10555000C1F86C010398822100F028FE019803999C
:1055600008640398D0F8B80278B1FFE70398D0F840
:10557000BC02406880470398D0F8B80201F022FDD1
:1055800003990020C1F8B802FFE79DF80A0004B0B3
:1055900080BD000080B582B001900198D0F8B802BB
:1055A00000900198D0F8BC02A8B1FFE7009890F8ED
:1055B0000002FF280FD0FFE70198D0F8BC028368F3
:1055C000009991F8000291F8012298470099FF2074
:1055D00081F80002FFE7002002B080BD81B000909A
:1055E00000990A20088040F2E000C2F2000001B0F9
:1055F0007047000081B0009000994320088040F27D
:105600005800C2F2000001B07047000081B0009065
:1056100000994320088040F29C00C2F2000001B0D3
:105620007047000081B0009000994320088040F24C
:10563000EC00C2F2000001B07047000080B58AB0F3
:1056400009908DF8231000208DF822000998007C25
:10565000B8B9FFE709988121022204924FF4007340
:10566000059300F081FF049A059B0998012106919A
:10567000C162099800F078FF06980999C1F86C0199
:1056800015E009988121022201924023029300F043
:105690006BFF019A029B099801210391C16209984D
:1056A00000F062FF03980999C1F86C01FFE70998BF
:1056B00082210322082300F057FF09990120086482
:1056C0004FF4077001F082FC0999C1F8B8020998FB
:1056D000D0F8B80220B9FFE701208DF8220027E0BA
:1056E0000998D0F8B80207900998D0F8BC02006871
:1056F000804707990020C1F814020799C1F81802E1
:105700000998007C50B9FFE709980799D1F804225D
:1057100001214FF4007300F04DFF08E0099807994C
:10572000D1F804220121402300F044FFFFE7FFE706
:105730009DF822000AB080BD80B584B00290029826
:10574000D0F8B80201900298D0F8B802D8B1FFE7BB
:105750000298007C50B9FFE702980199D1F8042221
:1057600001214FF4007300F025FF08E00298019931
:10577000D1F804220121402300F01CFFFFE70020A4
:105780008DF80F0003E002208DF80F00FFE79DF871
:105790000F0004B080BD000083B002900191022090
:1057A0008DF80300019840B1FFE701980299C1F814
:1057B000BC0200208DF80300FFE79DF8030003B052
:1057C0007047000083B0029001910298D0F8B802AF
:1057D000009001980099C1F80402002003B07047BE
:1057E00084B003900291ADF806200398D0F8B80277
:1057F000009002980099C1F80802BDF806000099CF
:10580000C1F81002002004B07047000080B588B0D5
:10581000079006910798D0F8B802059000208DF8FF
:105820001300ADF810008DF80F000698007800F016
:10583000600001460291D8B3FFE70298202840F0AB
:105840008880FFE70698C08840B3FFE70698007895
:105850000006002810D5FFE70798D0F8BC0283683F
:10586000069A50780599D288984707980599069A1C
:10587000D28800F00FF910E006984078059981F879
:10588000000206988079059981F801020798059928
:10589000069AD28800F0CCF8FFE708E00798D0F825
:1058A000BC0283680699487800229847FFE758E0D1
:1058B000069840780146019140B1FFE701980A2817
:1058C00019D0FFE701980B282BD039E0079890F802
:1058D0009C02032806D1FFE7079804A9022200F0E2
:1058E000D9F807E00798069900F094F802208DF89F
:1058F0000F00FFE72CE0079890F89C02032807D1DF
:10590000FFE707980DF11301012200F0C3F807E04B
:105910000798069900F07EF802208DF80F00FFE747
:1059200016E0079890F89C02032808D0FFE7079834
:10593000069900F06FF802208DF80F00FFE707E0EE
:105940000798069900F066F802208DF80F00FFE72F
:1059500007E00798069900F05DF802208DF80F0027
:10596000FFE79DF80F0008B080BD000080B582B051
:1059700001908DF803100198D0F8B4124A689DF890
:1059800003109047002002B080BD000080B582B0B7
:1059900001900091019890F89C02013802280ED8DD
:1059A000FFE700984088012808D1FFE7019900200F
:1059B000C1F8A402019800F08BF8FFE704E0019819
:1059C000009900F027F8FFE702B080BD80B584B0F1
:1059D00003900291ADF806200398029ABDF80630B4
:1059E0000021009100F0E6FD009804B080BD0000A9
:1059F00080B584B003900291ADF806200398029A16
:105A0000BDF806300021009100F010FF009804B0AE
:105A100080BD000080B582B0019000910198802186
:105A200000F0BEFE0198002100F0BAFE02B080BD79
:105A300080B584B003900291ADF80620039903204D
:105A4000C1F89402BDF806000399C1F85C01BDF8E5
:105A500006000399C1F860010398029ABDF8063068
:105A60000021009100F0A6FD009804B080BD000068
:105A700080B582B0019001990520C1F89402019887
:105A80000023009319461A4600F094FD009802B0D6
:105A900080BD000080B584B003900291ADF806206F
:105AA00003990220C1F89402BDF806000399C86169
:105AB000BDF80600039908620398029ABDF8063003
:105AC0000021009100F0B2FE009804B080BD0000FB
:105AD00080B582B0019001990420C1F89402019828
:105AE0000023009319461A4600F0A0FE009802B069
:105AF00080BD000080B582B08DF8070000919DF850
:105B0000070060B9FFE7009A49F23C70C0F6000058
:105B100040F2F411C2F2000100F08CFA0BE0009A9E
:105B200049F23C70C0F6000040F2F411C2F20001EC
:105B300000F080FAFFE740F2F410C2F2000002B079
:105B400080BD000082B08DF80700009100991220FE
:105B5000088040F23010C2F2000002B0704700002E
:105B600080B582B08DF8070000919DF8070060B9FC
:105B7000FFE7009A49F22E70C0F6000040F2F411DF
:105B8000C2F2000100F056FA0BE0009A49F22E70C2
:105B9000C0F6000040F2F411C2F2000100F04AFA2F
:105BA000FFE740F2F410C2F2000002B080BD000036
:105BB00082B08DF80700009100990420088040F21F
:105BC0005410C2F2000002B07047000080B584B0EB
:105BD0008DF80F000291029A49F24770C0F600005A
:105BE00040F2F411C2F20001019100F023FA019891
:105BF00004B080BD80B582B08DF8070000919DF89B
:105C0000070060B9FFE7009A49F25A70C0F6000039
:105C100040F2F411C2F2000100F00CFA0BE0009A1D
:105C200049F25A70C0F6000040F2F411C2F20001CD
:105C300000F000FAFFE740F2F410C2F2000002B0F8
:105C400080BD000080B582B08DF8070000910099FA
:105C50001A200880FBF74AFE40F25810C2F20000FA
:105C600002B080BD80B584B0039002910298C088D4
:105C7000012805D0FFE703980299FFF7CBFE21E04A
:105C8000039890F89C12481E0191022804D3FFE764
:105C9000019803280AD00FE0039900208860039838
:105CA00000F108010122FFF7F5FE0AE00398011D4B
:105CB0000122FFF7EFFE04E003980299FFF7AAFE26
:105CC000FFE7FFE704B080BD80B588B0079006917C
:105CD0000020ADF8160004908DF80F000698C078EB
:105CE000013801460291062800F21E810299DFE880
:105CF00011F0070011002E001B011B01E80000013C
:105D00000798D0F8B0120A68007C0DF11601904790
:105D1000049013E10798007C60B9FFE70798D0F87A
:105D2000B402816A0DF1160088470490049902209C
:105D300048700BE00798D0F8B402C16A0DF1160064
:105D400088470490049902204870FFE7F6E006981F
:105D5000807801460191052800F2A8800199DFE8CA
:105D600001F0031E39546F8A0798D0F8B0024068DA
:105D700050B1FFE70798D0F8B0124A68007C0DF1E7
:105D800016019047049009E007980699FFF742FE34
:105D90009DF80F0001308DF80F00FFE790E00798A5
:105DA000D0F8B002806850B1FFE70798D0F8B01281
:105DB0008A68007C0DF116019047049009E007986D
:105DC0000699FFF727FE9DF80F0001308DF80F00B0
:105DD000FFE775E00798D0F8B002C06850B1FFE760
:105DE0000798D0F8B012CA68007C0DF116019047F0
:105DF000049009E007980699FFF70CFE9DF80F0044
:105E000001308DF80F00FFE75AE00798D0F8B00294
:105E1000006950B1FFE70798D0F8B0120A69007C1A
:105E20000DF116019047049009E007980699FFF7D5
:105E3000F1FD9DF80F0001308DF80F00FFE73FE006
:105E40000798D0F8B002406950B1FFE70798D0F842
:105E5000B0124A69007C0DF116019047049009E0E8
:105E600007980699FFF7D6FD9DF80F0001308DF8D1
:105E70000F00FFE724E00798D0F8B002806950B126
:105E8000FFE70798D0F8B0128A69007C0DF116017F
:105E90009047049009E007980699FFF7BBFD9DF82D
:105EA0000F0001308DF80F00FFE709E00798069911
:105EB000FFF7B0FD9DF80F0001308DF80F00FFE7F0
:105EC0003CE00798007C48B9FFE70798D0F8B40297
:105ED000416B0DF116008847049009E00798069978
:105EE000FFF798FD9DF80F0001308DF80F00FFE7D8
:105EF00024E00798007C60B9FFE70798D0F8B40267
:105F0000016B0DF116008847049004990720487032
:105F100009E007980699FFF77DFD9DF80F00013015
:105F20008DF80F00FFE709E007980699FFF772FD6B
:105F30009DF80F0001308DF80F00FFE79DF80F006E
:105F400008B1FFE729E0BDF81600E8B1FFE70698C1
:105F5000C088C8B1FFE7BDF816000699C988884215
:105F600004DAFFE7BDF81600009003E00698C08849
:105F70000090FFE70098ADF8160007980499BDF867
:105F80001620FFF787FDFFE70698C08820B9FFE7D6
:105F90000798FFF79DFDFFE7FFE708B080BD000011
:105FA00082B0019000208DF80300FFE7019800788F
:105FB00048B1FFE79DF8030001308DF80300019818
:105FC00001300190F2E79DF8030002B07047000035
:105FD00080B582B001900091019890F89C02013840
:105FE00002281FD8FFE70098C088022805D0FFE7E5
:105FF00001980099FFF70EFD19E001990120C86092
:106000000198D0F8A40230B1FFE70199C86840F0C8
:106010000200C860FFE7019800F10C010222FFF7BF
:1060200039FD04E001980099FFF7F4FCFFE702B0A6
:1060300080BD000080B584B00390029101920020E1
:106040008DF803000398A0B3FFE70398FFF7A8FFBC
:106050000146022000EB4100019908800198007878
:1060600002999DF80320531C8DF80330885402993F
:106070009DF80320501C8DF8030003208854FFE78F
:1060800003980078A0B1FFE70398411C03910078C2
:1060900002999DF80320531C8DF80330885402990F
:1060A0009DF80320501C8DF8030000208854E7E77A
:1060B000FFE704B080BD000082B08DF8070000202B
:1060C0008DF806009DF8070001460091032814D8BA
:1060D0000099DFE801F002060A0E00208DF80600A4
:1060E0000FE002208DF806000BE001208DF806007D
:1060F00007E002208DF8060003E002208DF806007C
:10610000FFE79DF8060002B07047000080B584B03C
:10611000029001918DF80320029820B9FFE7022038
:106120008DF80F0020E00298D0F8B40228B1FFE704
:1061300002990020C1F8B402FFE7019828B1FFE7F7
:1061400001980299C1F8B002FFE70299012081F895
:106150009C029DF8030002990870029800F086F9ED
:1061600000208DF80F00FFE79DF80F0004B080BD00
:1061700080B582B001908DF8031000208DF80200E8
:106180008DF801000198D0F8C0029DF80310FBF7CC
:106190002BFF8DF802009DF80200FFF78DFF8DF8B0
:1061A00001009DF8010002B080BD000080B582B002
:1061B00001908DF8031000208DF802008DF8010089
:1061C0000198D0F8C0029DF80310FBF7B9FE8DF8D6
:1061D00002009DF80200FFF76FFF8DF801009DF8A7
:1061E000010002B080BD000080B586B004908DF83B
:1061F0000F1002929DF80F00002840F08580FFE705
:106200000498143001900498D0F8940202285BD1CD
:10621000FFE70199C8680969884212D9FFE7019927
:10622000C8680A69801AC86004980299019A92891C
:10623000FFF7DEFB0498002319461A4600F0BAF96E
:1062400041E0019882680169B2FBF1F000FB112086
:10625000F0B9FFE7019988680969884218D3FFE718
:10626000019880680499D1F89812884210D2FFE70B
:106270000498002200921146FFF7BAFB009B049895
:10628000C0F89832049819461A4600F093F919E0BC
:106290000498D0F8B402C06860B1FFE7049890F8A1
:1062A0009C02032806D1FFE70498D0F8B412C9680D
:1062B0008847FFE70498802100F072FA0498FFF7FE
:1062C000D7FBFFE7FFE710E00498D0F8940204281A
:1062D00005D0FFE70498D0F8940228B9FFE70498A6
:1062E000802100F05DFAFFE7FFE7049890F8A00234
:1062F000012808D1FFE7049800F0F8FA049900207B
:1063000081F8A002FFE718E00498D0F8B4024069D1
:1063100070B1FFE7049890F89C02032808D1FFE7CA
:106320000498D0F8B4124A699DF80F10904703E022
:1063300002208DF8170004E0FFE700208DF8170019
:10634000FFE79DF8170006B080BD000080B588B05B
:1063500006908DF8171004929DF81700002855D16B
:10636000FFE7069800F5AA7003900698D0F894020B
:1063700003283BD1FFE70399C868096988421ED901
:10638000FFE70399C8680A69801AC86006980190F7
:10639000049802900399C8680969884204D2FFE70B
:1063A0000398C068009003E0039800690090FFE73D
:1063B00002990198009A92B2FFF708FB15E006983F
:1063C000D0F8B402006960B1FFE7069890F89C022B
:1063D000032806D1FFE70698D0F8B4120969884768
:1063E000FFE70698FFF774FBFFE70EE00698D0F88A
:1063F0009402052808D1FFE706980021C0F89412FE
:10640000069800F0CDF9FFE7FFE718E00698D0F80E
:10641000B402806970B1FFE7069890F89C020328E7
:1064200008D1FFE70698D0F8B4128A699DF81710D2
:10643000904703E002208DF81F0004E0FFE70020F2
:106440008DF81F00FFE79DF81F0008B080BD000019
:1064500080B582B001908DF803100198D0F8C00289
:106460009DF80310FCF7C8FA02B080BD80B584B077
:106470000390039941F2E400C2F200000290C0F8D8
:10648000D4120399C1F8C00245F60041C4F20001DC
:106490000160082101710221817100218172C172A4
:1064A0000173FCF7FBFC18B1FFE7FBF717FAFFE7F6
:1064B0000398D0F8C0020022019218231146FBF77E
:1064C000CBFC019A0398D0F8C00280215823FBF737
:1064D000C3FC019A0398D0F8C0028121C023FBF7C6
:1064E000BBFC019A0398D0F8C00201214FF48873D5
:1064F000FBF7B2FC019A0398D0F8C00282214FF456
:106500008073FBF7A9FC019804B080BD84B00290B1
:106510008DF807100298D0F8C00200909DF807008F
:10652000000600280DD5FFE700989DF8071001F040
:106530007F0101EB810100EBC100807C8DF80F0031
:106540000DE000989DF8071001F07F0101EB81013B
:1065500000EBC10090F852018DF80F00FFE79DF8A5
:106560000F0004B07047000080B584B003908DF830
:106570000B108DF80A20ADF8083000208DF80700C8
:106580008DF806000398D0F8C0029DF80B10BDF8F6
:1065900008209DF80A30FCF741FA8DF807009DF8B5
:1065A0000700FFF789FD8DF806009DF8060004B08E
:1065B00080BD000080B584B003908DF80B1001926F
:1065C000ADF8023000208DF801008DF8000003982E
:1065D000D0F8C0029DF80B10019ABDF80230FCF70C
:1065E0008BFA8DF801009DF80100FFF765FD8DF82D
:1065F00000009DF8000004B080BD000080B584B0AC
:106600000390039800220292402300931146FFF763
:10661000ABFF009B029A039901200190C1F8580139
:106620000398C0F8643103988021FFF79DFF009A1A
:1066300001990298039B9961039B5A62039A82F81D
:106640009C120399C1F89402039948600399C1F818
:10665000A4020398D0F8B80238B1FFE70398D0F845
:10666000B4124A6801799047FFE7002004B080BD6A
:1066700081B00090009890F89C02042806D1FFE7B2
:10668000009991F89D0281F89C02FFE7002001B07B
:106690007047000080B582B00190019890F89C028C
:1066A00003280DD1FFE70198D0F8B402C06930B1DA
:1066B000FFE70198D0F8B412C9698847FFE7FFE700
:1066C000002002B080BD000082B001908DF8031060
:1066D0009DF8030001990874002002B07047000083
:1066E00080B582B001908DF8031000208DF8020073
:1066F0008DF801000198D0F8C0029DF80310FCF756
:1067000027FD8DF802009DF80200FFF7D5FC8DF8FB
:1067100001009DF8010002B080BD000080B584B08A
:1067200003900291039800F52A70029900F0A2F8F4
:1067300003990120C1F894020399B1F8AE02C1F89F
:106740009802039890F8A80200F01F0001460191FA
:1067500040B1FFE7019801280AD0FFE7019802281D
:106760000CD011E0039800F52A7100F0E5F913E070
:10677000039800F52A7100F0D9FB0DE0039800F5AD
:106780002A7100F037FA07E0039890F8A81201F098
:10679000800100F005F8FFE7002004B080BD000094
:1067A00080B582B001908DF8031000208DF80200B2
:1067B0008DF801000198D0F8C0029DF80310FCF795
:1067C000C9F98DF802009DF80200FFF775FC8DF8FD
:1067D00001009DF8010002B080BD000080B582B0CC
:1067E000019000208DF803008DF802000198D0F888
:1067F000C002FCF7E7FC8DF803009DF80300FFF7EB
:106800005BFC8DF802009DF8020002B080BD000024
:1068100081B00090009991F89C0281F89D02009946
:10682000042081F89C02002001B0704780B584B03C
:1068300003908DF80B100192ADF8023000208DF816
:1068400001008DF800000398D0F8C0029DF80B10ED
:10685000019ABDF80230FCF7EBF98DF801009DF8C4
:106860000100FFF729FC8DF800009DF8000004B03E
:1068700080BD000082B001900091009800780199DD
:106880000870009840780199487000998878C97814
:1068900040EA01200199488000990879497940EA45
:1068A00001200199888000998879C97940EA0120FE
:1068B0000199C88002B0704783B002900191002016
:1068C0008DF80300019840B1FFE701980299C1F8E3
:1068D000B40200208DF8030003E002208DF80300CD
:1068E000FFE79DF8030003B07047000081B00090FF
:1068F000002001B07047000080B584B00390029181
:1069000002988088B8BBFFE70298C08898BBFFE771
:10691000029840887F282ED8FFE70298807800F000
:106920007F008DF80700039890F89C02032805D19A
:10693000FFE703980299FFF76DF81BE09DF8070049
:10694000039981F89E0203989DF80710FFF7C8FE8F
:106950000398FFF7BDF89DF8070028B1FFE70399FA
:10696000022081F89C0204E00399012081F89C0236
:10697000FFE7FFE704E003980299FFF74BF8FFE712
:1069800004B080BD80B582B001908DF80310022064
:106990008DF802000198D0F8B40270B1FFE70198B9
:1069A000D0F8B4120A689DF80310904720B9FFE7A9
:1069B00000208DF80200FFE7FFE79DF8020002B01B
:1069C00080BD000080B584B0039002910298817868
:1069D00040F2F010C2F2000001700078022805DBDE
:1069E000FFE703980299FFF715F885E0039890F800
:1069F0009C0201460191022804D0FFE70198032878
:106A000027D06BE040F2F010C2F200000078D8B15D
:106A1000FFE740F2F011C2F200010878039A5060DB
:106A2000039A032082F89C0203980978FFF7AAFFD3
:106A3000022805D1FFE703980299FEF7EBFF5BE020
:106A40000398FFF745F803E00398FFF741F8FFE7E5
:106A500051E040F2F010C2F20000007898B9FFE770
:106A60000399022081F89C0240F2F011C2F2000169
:106A70000878039A506003980978FEF777FF039827
:106A8000FFF726F829E040F2F010C2F2000000788B
:106A90000399496888421BD0FFE703980179FEF704
:106AA00065FF40F2F011C2F200010878039A5060CD
:106AB00003980978FFF766FF022805D1FFE70398DE
:106AC0000299FEF7A7FF17E00398FFF701F803E02C
:106AD0000398FEF7FDFFFFE7FFE70CE0039802993C
:106AE000FEF798FF039840F2F011C2F20001097816
:106AF000FEF73CFFFFE7FFE704B080BD80B582B042
:106B00000190009100984088012808D1FFE7019981
:106B10000120C1F8A4020198FEF7DAFFFFE702B0F6
:106B200080BD000080B582B001900198FFF756FE4D
:106B3000002002B080BD000080B586B005900491B1
:106B400000208DF80F000498007800F060000146E6
:106B5000029178B1FFE70298202804D0FFE702985D
:106B600040283ED1FFE70598D0F8B4128A6804990E
:106B700090473BE0049840780146019109282AD8C3
:106B80000199DFE801F01923281E280A0528140FAF
:106B900005980499FFF798F822E005980499FFF703
:106BA000ABFE1DE005980499FFF70CFF18E005986F
:106BB0000499FFF757F813E005980499FFF708FACE
:106BC0000EE005980499FFF799FF09E005980499EC
:106BD000FEF7DCFE04E005980499FEF71BFFFFE7D3
:106BE00004E005980499FEF715FFFFE79DF80F00F4
:106BF00006B080BD80B58CB00A90099100208DF858
:106C00001E00099880888DF81F000998007800F010
:106C100060000146069180B1FFE70698202805D064
:106C2000FFE70698402840F07281FFE70A98D0F805
:106C3000B4128A68099990476EE10998007800F0CB
:106C4000600020280DD1FFE70A98D0F8B4128A68B6
:106C5000099990478DF81E009DF81E008DF82F00B1
:106C60005FE10998407801460591002800F0908086
:106C7000FFE7059801284CD0FFE70598032840F06E
:106C80004081FFE70A9890F89C020146049102288F
:106C900004D0FFE70498032819D034E09DF81F00C2
:106CA00078B1FFE79DF81F0080280AD0FFE70A9817
:106CB0009DF81F10FFF774FD0A988021FFF770FD03
:106CC00004E00A980999FEF7A5FEFFE720E009987D
:106CD0004088A0B9FFE79DF81F0078B1FFE79DF855
:106CE0001F0080280AD0FFE70998C08830B9FFE765
:106CF0000A989DF81F10FFF753FDFFE7FFE70A987A
:106D0000FEF7E6FE04E00A980999FEF783FEFFE726
:106D1000FCE00A9890F89C0201460391022804D0F6
:106D2000FFE70398032819D02CE09DF81F0078B1E5
:106D3000FFE79DF81F0080280AD0FFE70A989DF81A
:106D40001F10FFF72DFD0A988021FFF729FD04E0B1
:106D50000A980999FEF75EFEFFE718E00998408857
:106D600078B9FFE79DF81F00400630B1FFE70A98A9
:106D70009DF81F10FFF7FCF9FFE70A98FEF7A8FE41
:106D8000FFE704E00A980999FEF744FEFFE7BDE03B
:106D90000A9890F89C0201460291022804D0FFE76D
:106DA0000298032838D0A6E09DF81F0050B1FFE7F5
:106DB0009DF81F00802805D0FFE70A980999FEF783
:106DC00029FE9DE09DF81F00000600280CD5FFE776
:106DD0000A989DF81F1001F07F0101EB810100EB83
:106DE0008100143001900CE00A989DF81F1001F00A
:106DF0007F0101EB810100EB810000F5AA70019099
:106E0000FFE7019808900899002008600A980899FF
:106E10000222FEF73FFE73E09DF81F0000060028E7
:106E200012D5FFE70A989DF81F1001F00F0101EB42
:106E3000810100EB8100806928B9FFE70A98099970
:106E4000FEF7E8FD5CE012E00A989DF81F1001F0E3
:106E50000F0101EB810100EB8100D0F8580128B946
:106E6000FFE70A980999FEF7D5FD49E0FFE79DF88D
:106E70001F00000600280CD5FFE70A989DF81F1098
:106E800001F07F0101EB810100EB810014300090E3
:106E90000CE00A989DF81F1001F07F0101EB8101C1
:106EA00000EB810000F5AA700090FFE700980890C1
:106EB0009DF81F0028B1FFE79DF81F00802804D12E
:106EC000FFE70899002008600FE00A989DF81F105E
:106ED000FFF71CFB20B1FFE708990120086003E0E1
:106EE000089900200860FFE7FFE70A980899022246
:106EF000FEF7D0FD04E00A980999FEF78BFDFFE745
:106F000004E00A980999FEF785FDFFE704E00A9876
:106F10000999FEF77FFDFFE79DF81E008DF82F0011
:106F2000FFE79DF82F000CB080BD000080B584B055
:106F30000390029100208DF807000298007800F07D
:106F400060000146009140B1FFE70098202804D07E
:106F5000FFE7009840282DD1FFE7039890F89C02A6
:106F60000138022820D8FFE702980079012815DCB3
:106F7000FFE70398D0F8B4128A68029990478DF819
:106F800007000298C08840B9FFE79DF8070020B9C4
:106F9000FFE70398FEF79CFDFFE704E003980299E2
:106FA000FEF738FDFFE704E003980299FEF732FD93
:106FB000FFE704E003980299FEF72CFDFFE70020AD
:106FC00004B080BD81B0009001B0704781B00090E6
:106FD00040F2F430C2F2000001B070479CB01B9048
:106FE0001A9100208DF867001B981A99097830F8DB
:106FF000210048F68F110840ADF864001A98C07857
:107000000146009103281AD80099DFE801F0021127
:10701000090ABDF8640040F40070ADF8640012E0A5
:1070200011E0BDF8640040F4C060ADF864000AE00F
:10703000BDF8640040F48060ADF8640003E0012016
:107040008DF86700FFE7BDF8640048F2800108434F
:107050001B991A9A127821F82200FFE71B981A99B7
:10706000097830F8210048F68F7108401A9909789C
:107070000843ADF86200BDF8620048F280010843A1
:107080001B991A9A127821F82200FFE71A98007BC0
:10709000002840F05981FFE71A984078002878D0FE
:1070A000FFE7FFE71B9816901B98B0F85010169852
:1070B0000844169016981A99097800EB011000F50B
:1070C000806017901A98C08820F0010017990880F6
:1070D000FFE7FFE71B981A99097830F82100ADF80F
:1070E0005600BDF856004006002817D5FFE7FFE719
:1070F0001B981A99097830F8210048F68F710840DA
:10710000ADF85400BDF8540048F2C00108431B9983
:107110001A9A127821F82200FFE7FFE7FFE71A9892
:10712000C07801281DD0FFE7FFE71B981A9909785E
:1071300030F8210048F6BF710840ADF85200BDF8A4
:10714000520080F02000ADF85200BDF8520048F225
:10715000800108431B991A9A127821F82200FFE750
:1071600016E0FFE71B981A99097830F8210048F6D5
:10717000BF710840ADF85000BDF8500048F28001E2
:1071800008431B991A9A127821F82200FFE7FFE7BB
:10719000D9E0FFE71B9812901B98B0F85010129896
:1071A0000844129012981A99097800EB011000F522
:1071B000816013901A98C08820F00100139908800C
:1071C000FFE7FFE71B9811901B98B0F8501011983B
:1071D0000844119011981A99097800EB011000F2F7
:1071E0000C401090FFE7109908886FF39F200880EB
:1071F0001A9800693F2818D3FFE7FFE71A9800693B
:1072000040090F901A98007CC00620B9FFE70F983C
:1072100001380F90FFE70F9A1099088840EA822002
:1072200040F400400880FFE720E01A98006930B978
:10723000FFE71099088840F40040088015E0FFE758
:107240001A98006940080F901A98007CC00720B176
:10725000FFE70F9801300F90FFE70F9A1099088809
:1072600040EA82200880FFE7FFE7FFE7FFE7FFE74C
:10727000FFE71B981A99097830F82100ADF83A0019
:10728000BDF83A004004002817D5FFE7FFE71B9838
:107290001A99097830F8210048F68F710840ADF846
:1072A0003800BDF838004CF2800108431B991A9A47
:1072B000127821F82200FFE7FFE7FFE71A9800782D
:1072C00018BBFFE7FFE71B981A99097830F82100EF
:1072D0004BF68F710840ADF83600BDF8360080F4EB
:1072E0008050ADF83600BDF8360080F40050ADF89F
:1072F0003600BDF8360048F2800108431B991A9AFF
:10730000127821F82200FFE71CE0FFE71B981A998A
:10731000097830F821004BF68F710840ADF8340041
:10732000BDF8340080F40050ADF83400BDF83400EE
:1073300048F2800108431B991A9A127821F822001A
:10734000FFE7FFE7FFE790E11A98C078022817D11E
:10735000FFE7FFE71B981A99097830F8210048F6F3
:107360008F710840ADF83200BDF8320048F280114C
:1073700008431B991A9A127821F82200FFE716E0B9
:10738000FFE71B981A99097830F8210048F68F61B9
:107390000840ADF83000BDF8300048F280010843E5
:1073A0001B991A9A127821F82200FFE7FFE7FFE7FE
:1073B000FFE7FFE71B980A901B98B0F850100A9857
:1073C00008440A900A981A99097800EB011000F510
:1073D00080600B901A98008920F001000B990880BA
:1073E000FFE7FFE7FFE7FFE71B9808901B98B0F85F
:1073F000501008980844089008981A99097800EBEA
:10740000011000F5816009901A98408920F0010070
:1074100009990880FFE7FFE7FFE71A9840780028FE
:1074200040F08680FFE7FFE71B981A99097830F84B
:107430002100ADF81E00BDF81E004004002817D53D
:10744000FFE7FFE71B981A99097830F8210048F602
:107450008F710840ADF81C00BDF81C004CF2800193
:1074600008431B991A9A127821F82200FFE7FFE7D8
:10747000FFE7FFE71B981A99097830F82100ADF86B
:107480001A00BDF81A004006002817D5FFE7FFE7ED
:107490001B981A99097830F8210048F68F71084036
:1074A000ADF81800BDF8180048F2C00108431B9958
:1074B0001A9A127821F82200FFE7FFE7FFE7FFE7BB
:1074C0001B981A99097830F821004BF68F71084003
:1074D000ADF81600BDF8160080F48050ADF8160027
:1074E000BDF8160080F40050ADF81600BDF8160087
:1074F00048F2800108431B991A9A127821F8220059
:10750000FFE7FFE71B981A99097830F8210048F641
:10751000BF710840ADF81400BDF8140048F28001B6
:1075200008431B991A9A127821F82200FFE79BE082
:10753000FFE71B981A99097830F82100ADF812007E
:10754000BDF812004004002817D5FFE7FFE71B989D
:107550001A99097830F8210048F68F710840ADF883
:107560001000BDF810004CF2800108431B991A9AD4
:10757000127821F82200FFE7FFE7FFE7FFE71B98FB
:107580001A99097830F82100ADF80E00BDF80E0008
:107590004006002817D5FFE7FFE71B981A990978DE
:1075A00030F8210048F68F710840ADF80C00BDF8A6
:1075B0000C0048F2C00108431B991A9A127821F86E
:1075C0002200FFE7FFE7FFE71A98C07801281DD0E7
:1075D000FFE7FFE71B981A99097830F8210048F671
:1075E000BF710840ADF80A00BDF80A0080F0200025
:1075F000ADF80A00BDF80A0048F2800108431B9963
:107600001A9A127821F82200FFE716E0FFE71B988C
:107610001A99097830F8210048F6BF710840ADF892
:107620000800BDF8080048F2800108431B991A9A27
:10763000127821F82200FFE7FFE7FFE71B981A996D
:10764000097830F821004BF68F710840ADF806003C
:10765000BDF8060048F2800108431B991A9A127877
:1076600021F82200FFE7FFE7FFE79DF867001CB065
:107670007047000087B00393029201919DF80C10AF
:107680008DF818100199029A05920491009000203B
:1076900007B070478CB00B900A910A98007B0028C5
:1076A00040F08080FFE70A984078E8B3FFE7FFE703
:1076B0000B980A99097830F82100ADF82600BDF83A
:1076C00026004006002817D5FFE7FFE70B980A9928
:1076D000097830F8210048F68F710840ADF8240091
:1076E000BDF8240048F2C00108430B990A9A1278A9
:1076F00021F82200FFE7FFE7FFE7FFE70B980A9971
:10770000097830F8210048F6BF710840ADF8220032
:10771000BDF8220048F2800108430B990A9A1278BA
:1077200021F82200FFE73CE0FFE70B980A9909786F
:1077300030F82100ADF82000BDF8200040040028FA
:1077400017D5FFE7FFE70B980A99097830F8210071
:1077500048F68F710840ADF81E00BDF81E004CF2CF
:10776000800108430B990A9A127821F82200FFE75A
:10777000FFE7FFE7FFE70B980A99097830F8210047
:107780004BF68F710840ADF81C00BDF81C0048F2A4
:10779000800108430B990A9A127821F82200FFE72A
:1077A000FFE724E10A984078002840F09080FFE746
:1077B000FFE70B980A99097830F82100ADF81A0014
:1077C000BDF81A004004002817D5FFE7FFE70B9823
:1077D0000A99097830F8210048F68F710840ADF811
:1077E0001800BDF818004CF2800108430B990A9A62
:1077F000127821F82200FFE7FFE7FFE7FFE70B9889
:107800000A99097830F82100ADF81600BDF8160085
:107810004006002817D5FFE7FFE70B980A9909787B
:1078200030F8210048F68F710840ADF81400BDF81B
:10783000140048F2C00108430B990A9A127821F803
:107840002200FFE7FFE7FFE7FFE70B980A990978B7
:1078500030F8210048F68F710840ADF81200BDF8ED
:10786000120048F2C00108430B990A9A127821F8D5
:107870002200FFE7FFE70B980A99097830F821000A
:107880004BF68F710840ADF81000BDF8100048F2BB
:10789000800108430B990A9A127821F82200FFE729
:1078A000FFE70B980A99097830F8210048F6BF7174
:1078B0000840ADF80E00BDF80E0048F28001084304
:1078C0000B990A9A127821F82200FFE78EE0FFE771
:1078D0000B980A99097830F82100ADF80C00BDF832
:1078E0000C004004002817D5FFE7FFE70B980A9922
:1078F000097830F8210048F68F710840ADF80A0089
:10790000BDF80A004CF2800108430B990A9A1278DC
:1079100021F82200FFE7FFE7FFE7FFE70B980A994E
:10792000097830F82100ADF80800BDF808004006DD
:10793000002817D5FFE7FFE70B980A99097830F878
:10794000210048F68F710840ADF80600BDF806002A
:1079500048F2C00108430B990A9A127821F82200D4
:10796000FFE7FFE7FFE7FFE70B980A99097830F890
:10797000210048F68F710840ADF80400BDF80400FE
:107980004CF2800108430B990A9A127821F82200E0
:10799000FFE7FFE70B980A99097830F8210048F6CD
:1079A000BF710840ADF80200BDF8020048F2800146
:1079B00008430B990A9A127821F82200FFE7FFE7A3
:1079C0000B980A99097830F821004BF68F7108401E
:1079D000ADF80000BDF8000048F2800108430B99A3
:1079E0000A9A127821F82200FFE7FFE7FFE700205C
:1079F0000CB0704781B00090002001B070470000CB
:107A000081B00090002001B07047000087B0039360
:107A1000029201919DF80C108DF818100199029AAC
:107A200005920491009000990120A1F8400000996E
:107A30000020A1F840000099A1F844000099A1F8A5
:107A4000500007B07047000082B001904FF43F40F3
:107A50000090009A0199B1F840009043A1F84000CD
:107A6000002002B07047000082B001900091002019
:107A700002B0704785B0049003910398007B002802
:107A800040F09980FFE703984078002849D0FFE74D
:107A9000FFE704980399097830F82100ADF80A004F
:107AA000BDF80A004006002817D5FFE7FFE7049855
:107AB0000399097830F8210048F68F710840ADF835
:107AC0000800BDF8080048F2C00108430499039A71
:107AD000127821F82200FFE7FFE7FFE70398C0785C
:107AE00001281DD0FFE7FFE704980399097830F8D3
:107AF000210048F6BF710840ADF80600BDF8060049
:107B000080F02000ADF80600BDF8060048F28001C4
:107B100008430499039A127821F82200FFE7FFE74F
:107B200048E0FFE704980399097830F82100ADF8A0
:107B30000400BDF804004004002817D5FFE7FFE764
:107B400004980399097830F8210048F68F710840AD
:107B5000ADF80200BDF802004CF280010843049920
:107B6000039A127821F82200FFE7FFE7FFE7FFE71B
:107B700004980399097830F821004BF68F7108407A
:107B8000ADF80000BDF8000080F48050ADF80000B2
:107B9000BDF8000080F40050ADF80000BDF8000012
:107BA00048F2800108430499039A127821F82200D0
:107BB000FFE7FFE7FFE7002005B0704783B00290C2
:107BC000019101984078E8B1FFE7FFE70298019939
:107BD000097830F8210048F6BF710840ADF802007E
:107BE000BDF8020080F01000ADF80200BDF8020000
:107BF00048F2800108430299019A127821F8220084
:107C0000FFE71CE0FFE702980199097830F82100AE
:107C10004BF68F710840ADF80000BDF8000080F40D
:107C20008050ADF80000BDF8000048F28001084324
:107C30000299019A127821F82200FFE7FFE700205D
:107C400003B0704780B5C4B04290419141984078EC
:107C5000012840F01B84FFE7419801698069884250
:107C600004D9FFE741980069409003E0419880699A
:107C70004090FFE74198007BF0B9FFE74298419AB6
:107C80005169D288BDF8003100F068FFFFE74298E3
:107C90003E904298B0F850103E9808443E903E986E
:107CA0004199097800EB011000F204403D904098A2
:107CB0003D990880FFE7C6E34198C078022840F06C
:107CC000A982FFE741980169006A884240F2658213
:107CD000FFE7FFE742984199097830F8210048F61C
:107CE0008F710840ADF8F200BDF8F20048F2801143
:107CF00008434299419A127821F82200FFE7409AFE
:107D00004199086A801A086242984199097830F8C6
:107D100021004006002840F12081FFE7FFE742985C
:107D20003B9041984078002854D1FFE7FFE7429804
:107D300039904298B0F850103998084439903998E1
:107D40004199097800EB011000F20C403890FFE7F0
:107D5000389908886FF39F20088040983F2817D3F0
:107D6000FFE7FFE74098400937909DF80001C00603
:107D700020B9FFE7379801383790FFE7379A3899ED
:107D8000088840EA822040F400400880FFE71EE0B7
:107D9000409830B9FFE73899088840F400400880DF
:107DA00014E0FFE74098400837909DF80001C007B5
:107DB00020B1FFE7379801303790FFE7379A3899BD
:107DC000088840EA82200880FFE7FFE7FFE7FFE737
:107DD000FFE717E041984078012812D1FFE7429869
:107DE000B0F850103B9808443B903B984199097873
:107DF00000EB011000F20C403A9040983A9908804C
:107E0000FFE7FFE7FFE741984089ADF8FE004298A1
:107E100041994969BDF8FE20BDF8003100F09EFE91
:107E2000409A419948691044486141980169006A43
:107E3000884206D9FFE7409A4199086A801A086289
:107E400006E04198006A4090419900200862FFE7EF
:107E5000FFE741984078002854D1FFE7FFE74298B8
:107E600036904298B0F850103698084436903698BC
:107E70004199097800EB011000F204403590FFE7CA
:107E8000359908886FF39F20088040983F2817D3C2
:107E9000FFE7FFE74098400934909DF80001C006D5
:107EA00020B9FFE7349801383490FFE7349A3599C8
:107EB000088840EA822040F400400880FFE71EE086
:107EC000409830B9FFE73599088840F400400880B1
:107ED00014E0FFE74098400834909DF80001C00787
:107EE00020B1FFE7349801303490FFE7349A359998
:107EF000088840EA82200880FFE7FFE7FFE7FFE706
:107F0000FFE71BE041984078012816D1FFE7FFE723
:107F1000429833904298B0F8501033980844339008
:107F200033984199097800EB011000F20440329037
:107F3000409832990880FFE7FFE7FFE7FFE74198A5
:107F40000089ADF8FE00429841994969BDF8FE20CC
:107F5000BDF8003100F002FE1EE1FFE741984078D5
:107F6000002854D1FFE7FFE7429831904298B0F8DB
:107F7000501031980844319031984199097800EBBC
:107F8000011000F204403090FFE7309908886FF349
:107F90009F20088040983F2817D3FFE7FFE74098CD
:107FA00040092F909DF80001C00620B9FFE72F98E7
:107FB00001382F90FFE72F9A3099088840EA8220F5
:107FC00040F400400880FFE71EE0409830B9FFE72A
:107FD0003099088840F40040088014E0FFE740989A
:107FE00040082F909DF80001C00720B1FFE72F98AF
:107FF00001302F90FFE72F9A3099088840EA8220BD
:108000000880FFE7FFE7FFE7FFE7FFE71BE0419896
:108010004078012816D1FFE7FFE742982E9042985A
:10802000B0F850102E9808442E902E984199097857
:1080300000EB011000F204402D9040982D9908802B
:10804000FFE7FFE7FFE7FFE741980089ADF8FE0093
:10805000429841994969BDF8FE20BDF8003100F011
:108060007DFD409A419948691044486141980169F1
:10807000006A884206D9FFE7409A4199086A801A47
:10808000086206E04198006A409041990020086229
:10809000FFE7FFE742982C9041984078002854D1A0
:1080A000FFE7FFE742982A904298B0F850102A98CC
:1080B00008442A902A984199097800EB011000F2AF
:1080C0000C402990FFE7299908886FF39F200880CA
:1080D00040983F2817D3FFE7FFE7409840092890D2
:1080E0009DF80001C00620B9FFE7289801382890C4
:1080F000FFE7289A2999088840EA822040F4004046
:108100000880FFE71EE0409830B9FFE7299908880A
:1081100040F40040088014E0FFE7409840082890B1
:108120009DF80001C00720B1FFE728980130289092
:10813000FFE7289A2999088840EA82200880FFE70B
:10814000FFE7FFE7FFE7FFE717E0419840780128E6
:1081500012D1FFE74298B0F850102C9808442C90A8
:108160002C984199097800EB011000F20C402B90FB
:1081700040982B990880FFE7FFE7FFE74198408987
:10818000ADF8FE00429841994969BDF8FE20BDF85E
:10819000003100F0E3FCFFE73BE04198006A4090CB
:1081A000FFE742984199097830F8210048F68F613D
:1081B0000840ADF89E00BDF89E0048F280010843DB
:1081C0004299419A127821F82200FFE7FFE742988E
:1081D00026904298B0F85010269808442690269889
:1081E0004199097800EB011000F204402590409875
:1081F00025990880FFE741980089ADF8FE00429874
:1082000041994969BDF8FE20BDF8003100F0A6FC97
:10821000FFE717E1409A4199086A801A086242987C
:108220004199097830F821004006002840F1848007
:10823000FFE7FFE74298249041984078002854D106
:10824000FFE7FFE7429822904298B0F8501022983A
:108250000844229022984199097800EB011000F21D
:108260000C402190FFE7219908886FF39F20088038
:1082700040983F2817D3FFE7FFE740984009209038
:108280009DF80001C00620B9FFE720980138209032
:10829000FFE7209A2199088840EA822040F40040B4
:1082A0000880FFE71EE0409830B9FFE72199088871
:1082B00040F40040088014E0FFE740984008209018
:1082C0009DF80001C00720B1FFE720980130209001
:1082D000FFE7209A2199088840EA82200880FFE77A
:1082E000FFE7FFE7FFE7FFE717E041984078012845
:1082F00012D1FFE74298B0F8501024980844249017
:1083000024984199097800EB011000F20C40239069
:10831000409823990880FFE7FFE7FFE741984089ED
:10832000ADF8FE00429841994969BDF8FE20BDF8BC
:10833000003100F013FC84E0FFE74198407800280A
:1083400054D1FFE7FFE742981F904298B0F85010D1
:108350001F9808441F901F984199097800EB01105D
:1083600000F204401E90FFE71E9908886FF39F20DB
:10837000088040983F2817D3FFE7FFE7409840095F
:108380001D909DF80001C00620B9FFE71D98013837
:108390001D90FFE71D9A1E99088840EA822040F44C
:1083A00000400880FFE71EE0409830B9FFE71E99C3
:1083B000088840F40040088014E0FFE74098400837
:1083C0001D909DF80001C00720B1FFE71D98013006
:1083D0001D90FFE71D9A1E99088840EA82200880B8
:1083E000FFE7FFE7FFE7FFE7FFE71BE04198407883
:1083F000012816D1FFE7FFE742981C904298B0F899
:1084000050101C9808441C901C984199097800EB66
:10841000011000F204401B9040981B990880FFE770
:10842000FFE7FFE7FFE741980089ADF8FE004298BB
:1084300041994969BDF8FE20BDF8003100F08EFB7E
:10844000FFE7FFE7FFE7FFE742984199097830F837
:10845000210048F6BF710840ADF86A00BDF86A0017
:1084600080F01000ADF86A00BDF86A0080F02000CE
:10847000ADF86A00BDF86A0048F2800108434299ED
:10848000419A127821F82200FFE7DEE24198007B52
:1084900000286AD1FFE7419801698069884209D9BB
:1084A000FFE7419800694090409A41998869801A95
:1084B000886106E041988069409041990020886178
:1084C000FFE7FFE7429819904298B0F850101998CA
:1084D0000844199019984199097800EB011000F2AD
:1084E0000C401890FFE7189908886FF39F200880C8
:1084F00040983F2817D3FFE7FFE7409840091790BF
:108500009DF80001C00620B9FFE7179801381790C1
:10851000FFE7179A1899088840EA822040F4004043
:108520000880FFE71EE0409830B9FFE718990888F7
:1085300040F40040088014E0FFE74098400817909E
:108540009DF80001C00720B1FFE717980130179090
:10855000FFE7179A1899088840EA82200880FFE709
:10856000FFE7FFE7FFE7FFE74CE24198C07802280A
:1085700040F03781FFE7FFE7FFE7419840780028A8
:1085800058D1FFE7FFE7429816904298B0F8501094
:1085900016980844169016984199097800EB011036
:1085A00000F204401590FFE7159908886FF39F20AB
:1085B0000880419800693F2818D3FFE7FFE74198FA
:1085C0000069400914904198007CC00620B9FFE77B
:1085D000149801381490FFE7149A1599088840EA16
:1085E000822040F400400880FFE720E041980069C5
:1085F00030B9FFE71599088840F40040088015E07D
:10860000FFE741980069400814904198007CC0073A
:1086100020B1FFE7149801301490FFE7149A1599E0
:10862000088840EA82200880FFE7FFE7FFE7FFE7CE
:10863000FFE71CE041984078012817D1FFE7FFE7EA
:10864000429813904298B0F8501013980844139031
:1086500013984199097800EB011000F20440129040
:108660004198006912990880FFE7FFE7FFE7FFE7FD
:10867000FFE74298119041984078002858D1FFE7D1
:10868000FFE742980F904298B0F850100F980844B6
:108690000F900F984199097800EB011000F20C40FF
:1086A0000E90FFE70E9908886FF39F20088041988D
:1086B00000693F2818D3FFE7FFE7419800694009A8
:1086C0000D904198007CC00620B9FFE70D98013855
:1086D0000D90FFE70D9A0E99088840EA822040F439
:1086E00000400880FFE720E04198006930B9FFE7CB
:1086F0000E99088840F40040088015E0FFE7419893
:10870000006940080D904198007CC00720B1FFE748
:108710000D9801300D90FFE70D9A0E99088840EAF8
:1087200082200880FFE7FFE7FFE7FFE7FFE718E0A9
:1087300041984078012813D1FFE74298B0F85010D3
:1087400011980844119011984199097800EB011093
:1087500000F20C4010904198006910990880FFE7E2
:10876000FFE7FFE7FFE74198C069C8B3FFE742981A
:108770004199097830F82100ADF8FC00BDF8FC0003
:108780004004002806D5FFE7BDF8FC00400600289D
:108790000CD4FFE7BDF8FC00400400281FD4FFE71D
:1087A000BDF8FC004006002819D4FFE7FFE7FFE70B
:1087B00042984199097830F8210048F68F710840B5
:1087C000ADF83200BDF8320048F2C00108434299CA
:1087D000419A127821F82200FFE7FFE7FFE7FFE761
:1087E0000FE14198C078012840F00681FFE74198E9
:1087F00001698069884209D9FFE741980069409082
:10880000409A41998869801A886106E04198806998
:108810004090419900208861FFE7FFE7FFE741981A
:108820004078002854D1FFE7FFE742980B90429828
:10883000B0F850100B9808440B900B9841990978A8
:1088400000EB011000F204400A90FFE70A99088843
:108850006FF39F20088040983F2817D3FFE7FFE77A
:108860004098400909909DF80001C00620B9FFE733
:10887000099801380990FFE7099A0A99088840EA9F
:10888000822040F400400880FFE71EE0409830B9A5
:10889000FFE70A99088840F40040088014E0FFE7E9
:1088A0004098400809909DF80001C00720B1FFE7FB
:1088B000099801300990FFE7099A0A99088840EA67
:1088C00082200880FFE7FFE7FFE7FFE7FFE71BE005
:1088D00041984078012816D1FFE7FFE742980890B9
:1088E0004298B0F8501008980844089008984199A8
:1088F000097800EB011000F20440079040980799B6
:108900000880FFE7FFE7FFE7FFE7FFE742980690F1
:1089100041984078002854D1FFE7FFE7429804903F
:108920004298B0F850100498084404900498419973
:10893000097800EB011000F20C400390FFE7039967
:1089400008886FF39F20088040983F2817D3FFE7DF
:10895000FFE74098400902909DF80001C00620B949
:10896000FFE7029801380290FFE7029A039908880E
:1089700040EA822040F400400880FFE71EE0409873
:1089800030B9FFE70399088840F40040088014E0FC
:10899000FFE74098400802909DF80001C00720B111
:1089A000FFE7029801300290FFE7029A03990888D6
:1089B00040EA82200880FFE7FFE7FFE7FFE7FFE7E5
:1089C00017E041984078012812D1FFE74298B0F8AB
:1089D000501006980844069006984199097800EBD3
:1089E000011000F20C400590409805990880FFE7BF
:1089F000FFE7FFE7FFE703E001208DF80F0128E024
:108A0000FFE7FFE7FFE742984199097830F8210036
:108A10004BF68F710840ADF80600BDF8060080F4F3
:108A20008050ADF80600BDF8060080F40050ADF8A7
:108A30000600BDF8060048F2800108434299419AB9
:108A4000127821F82200FFE7FFE700208DF80F01E0
:108A5000FFE79DF80F0144B080BD000082B0019097
:108A600001990020A1F844004FF43F410091009982
:108A7000019AA2F8401002B07047000080B541F2A0
:108A8000E400C2F20000FAF707F980BD82B001905D
:108A90000198B0F844000090009802B070470000C0
:108AA00089B008900791ADF81A20ADF81830BDF8DC
:108AB00018004008059008980490079800900498C2
:108AC000BDF81A1000EB410000F580600190059898
:108AD0000390FFE70398D8B1FFE701980088029060
:108AE00001980230019002980099087000980130B6
:108AF00000900298000A00990870009801300090D8
:108B0000019802300190FFE7039801380390E1E7F4
:108B10009DF81800C00738B1FFE70198008802905F
:108B2000029800990870FFE709B0704782B0019081
:108B30008DF80310002002B07047000082B0019051
:108B40008DF803109DF8030028B9FFE701998020F4
:108B5000A1F84C00FFE7002002B0704789B00890F0
:108B60000791ADF81A20ADF81830BDF818000130A3
:108B70004008059008980490079800900498BDF864
:108B80001A1000EB410000F58060019005980390F9
:108B9000FFE7039808B3FFE700980078ADF80A00F4
:108BA00000984178BDF80A0040EA0120ADF80A00BB
:108BB000BDF80A00019908800198023001900198DF
:108BC0000230019000980130009000980130009030
:108BD000FFE7039801380390DBE709B07047000016
:108BE000FFE7FEE781B08DF803009DF90300002840
:108BF0000ED4FFE79DF9031001F01F020120904001
:108C00004A094EF20011CEF2000141F82200FFE7BE
:108C100001B070474EF60C50CEF200000068C0F371
:108C20000220704782B08DF8070000919DF907007F
:108C300000280AD4FFE7009800019DF907104EF2C2
:108C40000042CEF2000288540BE0009800019DF82B
:108C5000071001F00F014EF61452CEF200028854B4
:108C6000FFE702B07047000083B00290029800F066
:108C7000070000904EF60C51CEF2000108680190FA
:108C800001984FF6FF02104001900198009A40EAC7
:108C900002200022C0F2FA521043019001980860AD
:108CA00003B0704780B586B000200590F9F72AF828
:108CB000FCF75AFAFBF7B8FCFBF7F4FCFBF73CFDBA
:108CC000FBF71AFD6420F8F73FFE41F25C40C2F268
:108CD0000000029049F2F661C0F60001F7F778FB58
:108CE0006946C820086040F61460C2F20000039094
:108CF00041F2BC31C2F2000140F60002C4F20102AE
:108D00001023F8F789FC014602988DF813109DF89E
:108D1000133049F22671C0F6000149F21F72C0F605
:108D20000002002B08BF0A4649F21271C0F600018A
:108D3000F7F74EFB0298F7F761FB029982B241F216
:108D40001440C2F20000FF23FBF796FB03980121B9
:108D500048F24062C0F6A402F8F738FDFFE764204D
:108D6000F8F7F2FD40F61460C2F20000F8F70AFDD1
:108D70008DF812009DF8122041F25C40C2F2000012
:108D8000019049F2FE61C0F60001F7F721FB01985E
:108D9000F7F734FB019982B241F21440C2F20000AD
:108DA000FF23FBF769FBDAE75FEA400C08BF91F0AD
:108DB000000F4FEA8C234FEAC12243EA51514FEA98
:108DC0001C5018BF00F5F0404FEA300018BF41F0CA
:108DD00000415FEA6C5C00F02980BCF1FF3F08BFF6
:108DE00040F080407047130C06BF12044FF0100C87
:108DF0004FF0000C130E04BF12020CF1080C130FFD
:108E000004BF12010CF1040C930F04BF92000CF18B
:108E1000020CD30F04BF52000CF1010C11464FF0AD
:108E20000002A0F11F00A0EB0C00704711F0004FF2
:108E300008BF704731F000413FF4D5AF0B0C06BFBF
:108E400009044FF0100C4FF0000C0B0E04BF090288
:108E50000CF1080C0B0F04BF09010CF1040C8B0F73
:108E600004BF89000CF1020CCB0F04BF49000CF1C8
:108E7000010CCCF1200322FA03F341EA030102FAC8
:108E80000CF2A0EB0C0000F10100704723F07F47CB
:108E900020F07F4C80EA030000F00040ACEB0703B9
:108EA00003F57C5303F1FF032DE9804909B44FEA30
:108EB000144324EA03484FEA154B25EA0B4E0FF200
:108EC000042606EB13273E7803FB0667C7F5000769
:108ED00007FB06F64FEAD64606F102064FEA54377C
:108EE00007FB066CCCF1005C4FEA1C472CEA074CF0
:108EF0000CFB06F507FB06F404EB15464FEA961645
:108F000049085FEA320234BF00204FF000404FEAC8
:108F1000D13706FB07FC4FEA1C4C0CFB0BF7D21BAE
:108F200003FB0CF761EB07010CFB0EF7B0EB0740FE
:108F300072EB17420CFB08F734BFA2EB0742B2EB0F
:108F4000074261EB17414FEA0C444FEA910706FBD9
:108F500007FC4FEA1C4C0CFB0BF7B0EBC74072EB65
:108F6000573203FB0CF734BFA2EBC742B2EBC74248
:108F700061EB57310CFB0EF7B0EBC70072EB577289
:108F80000CFB08F734BFA2EBC702B2EBC70261EBE0
:108F900057714FEA816141EA92114FEA826242EAD7
:108FA00090124FEA806004EBCC04039F4FEAD13764
:108FB00006FB07FC4FEA1C4C0CFB0BF7D21B03FB18
:108FC0000CF761EB07010CFB0EF7B0EB074072EBFF
:108FD00017420CFB08F734BFA2EB0742B2EB074283
:108FE00061EB17414FEA8C5504EB9C244FEA910743
:108FF00006FB07FC4FEA1C4C0CFB0BF7B0EBC74021
:1090000072EB573203FB0CF734BFA2EBC742B2EB53
:10901000C74261EB57310CFB0EF7B0EBC70072EBA8
:1090200057720CFB08F734BFA2EBC702B2EBC702C2
:1090300061EB57714FEA816141EA92114FEA826216
:1090400042EA90124FEA806015EB4C2544F100048F
:109050004FEAD13706FB07FC4FEA1C4C0CFB0BF721
:10906000D21B03FB0CF761EB07010CFB0EF7B0EB17
:10907000074072EB17420CFB08F734BFA2EB074224
:10908000B2EB074261EB17414FEA813141EA92416D
:109090004FEA823242EA90424FEA80304FEA0C7641
:1090A00015EB1C1544F1000448EA03434EEA0B4853
:1090B0004FF0000EB2EB080C71EB030724BF6246C1
:1090C00039464EEB0E0E4FF0000B0018524149414D
:1090D0004BEB0B0BB2EB080C71EB03077BF1000BB6
:1090E00024BF624639464EEB0E0E4FF0000B0018BF
:1090F000524149414BEB0B0BB2EB080C71EB0307F0
:109100007BF1000B24BF624639464EEB0E0E51EA4E
:10911000020718BF46F0010616EB0E7655F1000265
:1091200054F1000103D5BDE88901BDE80088BDE820
:109130008901BDE80048B619524141EB0101A3F194
:109140000103704780807F7E7D7C7B7A797877769B
:1091500076757473727171706F6E6E6D6C6C6B6A14
:109160006A696868676666656464636362616160B2
:10917000605F5F5E5E5D5D5C5C5B5B5A5A5959582F
:109180005857575656555555545453535252525199
:10919000515050504F4F4F4E4E4D4D4D4C4C4C4BEF
:1091A0004B4B4A4A4A494949484848474747474636
:1091B0004646454545444444444343434342424272
:1091C000424141419C46002B30D477002BD04FEADE
:1091D00037071CB503B44FF010004FF01001BAF17F
:1091E000000F06D0BCF1000FDCBF40F0080040F0DB
:1091F00008014FF000000FBCBDE810400BF1010B5F
:10920000BBF1010F08BF5FEA170722BF12F101028D
:1092100011F101014FF0004143F1000300F0004063
:1092200043EA00007047F9D35708D0E746EA0646FC
:109230004FEA164613F1400F1FDD13F1200FDFBF79
:1092400016430A46002120335B42BED0C3F12007FB
:1092500046EA06464FEA164602FA07F746EA0706C6
:1092600022FA03F2C3F1200701FA07F742EA0702E4
:1092700021FA03F14FF00003A7E746EA020646EAA7
:1092800006464FEA164646EA0106BCBF46EA0646CF
:10929000360C4FF000034FF000024FF0000194E74E
:1092A0002DE9804C70B49A46934691E8380007C87F
:1092B00031EA400C48BF34EA430C03D5FFF7E6FD22
:1092C000FFF780FFF0BCBDE8008C2DE9804C70B446
:1092D0009A46934691E8380007C810F0804F08BFBF
:1092E00013F0804F03D100F005F8FFF76BFFF0BCDF
:1092F000BDE8008C20F07F4723F07F4C80EA03001C
:1093000000F0004007EB0C03A3F57C53A3F1FE0330
:1093100092F0000F00F0B38095F0000F00F077801E
:109320002DE901494FEA114021EA00484FEA14466D
:1093300024EA064700FB06FC08FB06F607FB08F8D4
:1093400018EB06484CEB164C00FB07F718EB0748E8
:109350004CEB17404FEA124B22EA0B4E4FEA1546F0
:1093600025EA06470BFB06FC0EFB06F607FB0EFE86
:109370001EEB064E4CEB164C0BFB07F71EEB074E95
:109380004CEB174B18EB0B0840F1000018EB0E0BE1
:1093900058EB000840F100008F1A4FF000014FF029
:1093A00000063CBFC943661B14BFB5EB040C00218B
:1093B0003CBFC943F61B4FEA174427EA04454FEA6E
:1093C0001C472CEA074C04FB076205FB07F70CFB64
:1093D00005F616EB074642EB174204FB0CFC16EBB6
:1093E0000C4642EB1C421BEB060658EB02024141C5
:1093F0004EEA8E0E46EA9E0601D5BDE80189B619F1
:10940000524141EB0101A3F10103BDE801894FEA9B
:10941000144524EA05464FEA114721EA074C05FBAB
:1094200007F406FB07F70CFB06F111EB074144EBD1
:10943000174405FB0CFC11EB0C4144EB1C444FEAB8
:10944000124722EA074C05FB07F206FB07F70CFB65
:1094500006F616EB074642EB174205FB0CFC16EB33
:109460000C4642EB1C456A1854F1000148BF704796
:10947000B619524141EB0101A3F10103704795F088
:10948000000F37D04FEA114221EA02464FEA144753
:1094900024EA074C02FB07F106FB07F70CFB06F476
:1094A00014EB074441EB174102FB0CFC14EB0C449A
:1094B00041EB1C414FEA154725EA074C02FB07F533
:1094C00006FB07F70CFB06F616EB074645EB1745C0
:1094D00002FB0CFC16EB0C4645EB1C42121951F139
:1094E000000148BF7047B619524141EB0101A3F199
:1094F000010370474FEA144524EA05464FEA114735
:1095000021EA074C05FB07F106FB07F70CFB06F207
:1095100012EB074241EB174105FB0CFC12EB0C422E
:1095200051EB1C414FF0000648BF7047921841EBC9
:109530000101A3F101037047490050EAC12018BF9F
:1095400004204A0D18BF40F0010040F2FF72B2EB58
:10955000515F08BF40F00200012808BF0520704796
:1095600030380A2801D201207047002070470000DF
:1095700010B500290AD00878002807D0054878449B
:10958000F7F7A4FF002801D0002010BD024878445E
:1095900010BD0000120200000A02000010B50029F0
:1095A0000AD00878002807D005487844F7F78EFFDE
:1095B000002801D0002010BD0248784410BD0000F2
:1095C00002020000FA010000F7F78ABBF7F7BEBC01
:1095D00000000000000000003031323334353637EF
:1095E00038394142434445464030580030313233E7
:1095F00034353637383961626364656640307800E7
:10960000040000080000000000000002000100004B
:10961000103031323334353637383961626364653E
:10962000667870003031323334353637383941425C
:10963000434445465850000002400000000000A08E
:109640000000000005400000000000C8000000000D
:109650000C4000000000409C000000001940000089
:109660000020BCBE0000000034400000BFC91B8EBB
:1096700000000004B5400000504BCFD06607E2CF99
:10968000010000006C4100003E8251AADFEEA734C9
:1096900001000000D9420000DCB5A0E23A301F977B
:1096A000FFFFFFFFB4450000FD25A0C8E9A3C14F9F
:1096B000FFFFFFFFFF3F00000000008000000000F0
:1096C000FF3F0000000000800000000000000000DC
:1096D0000000000001020304060708090000000062
:1096E0000102030402030405060708090A0B0C0D16
:1096F0000E0F101001025374617274210A0044416C
:1097000043205374617475733A2030782530325891
:109710000A0044414320496E69742025730A0046BB
:1097200061696C65640053756363657373004344DA
:109730004320496E7465726661636500434443204B
:10974000436F6E6669670053544D6963726F656C51
:10975000656374726F6E6963730053544D333220C6
:109760005669727475616C20436F6D506F7274002E
:10977000C09800080000002090010000500100087F
:10978000989900089001002010190000B00100080D
:109790001C00000043000000F8FFFFFF0C00000069
:1097A0000E0000000F0000002E000000100100005D
:1097B00043000000F8FFFFFF0040404040404040B1
:1097C0004040414141414140404040404040404094
:1097D0004040404040404040400502020202020238
:1097E0000202020202020202022020202020202087
:1097F000202020020202020202029090909090909B
:109800001010101010101010101010101010101058
:1098100010101010020202020202888888888888CC
:1098200008080808080808080808080808080808B8
:1098300008080808020202024000000000000000C0
:109840000000000000000000000000000000000018
:109850000000000000000000000000000000000008
:1098600000000000000000000000000000000000F8
:1098700000000000000000000000000000000000E8
:1098800000000000000000000000000000000000D8
:1098900000000000000000000000000000000000C8
:1098A00000000000000000000000000000000000B8
:1098B00000000000000000000000000000000000A8
:1098C00013455B1B08B1041ACD041AF5041B455C53
:1098D00008125A1B08610C1113127A133D56140812
:1098E00025551C080D5810311A950C1B2D54301994
:1098F00004C11A0D281AF51C1A25081ADD081409C6
:10990000024313020125C03209041B01020B130597
:109910002416100105240110090104240202052463
:109920000617010705820308151009040133020A0E
:109930002E0705010240072A810711093744113A11
:1099400002441907112B0A0606112B4001502A0761
:10995000500A3B04941A12171302021E408304405B
:10996000574D1B02035913C1151B08BD041A61048E
:109970001AF5040718040309041A0316010A0268F9
:1099800003100805E21D391E38042D16AA05A29CF5
:0899900072100000000000004D
:04000005080000ED02
:00000001FF
